date,title,link,content
2023-11-15 08:49:03,"장예찬, '한동훈' 저격한 김용민에 ""정치 쓰레기"" 막말 논란",https://n.news.naver.com/mnews/article/003/0012209773?sid=100,
2023-11-14 12:57:30,"한동훈 ""민주당, 하루 한명씩 탄핵 추진…정치적 계산으로 남발""",https://n.news.naver.com/mnews/article/001/0014329483?sid=102,
2023-11-15 17:00:00,"""정치 양극화의 시대, 팩트체크는 계속 돼야 한다""",https://n.news.naver.com/mnews/article/277/0005341316?sid=102,
2023-11-15 19:02:01,"민주당 의원 30명 "" 정치개혁 위해 위성정당 방지법 당론 추진해야""",https://n.news.naver.com/mnews/article/656/0000069559?sid=102,
2023-11-15 17:26:01,“당 중심 지도부가 총선 준비”…與혁신위 압박에 ‘지도부 역할론’ 맞선 김기현[이런정치],https://n.news.naver.com/mnews/article/016/0002225287?sid=100,
2023-11-15 17:41:03,"민주 이동주, 인천 부평을 출마 선언…""민생·개혁 정치 이어갈 것""",https://n.news.naver.com/mnews/article/003/0012211825?sid=100,
2023-11-14 15:41:01,"황보승희, '험지 안간다'는 장제원 직격 ""알량한 정치""",https://n.news.naver.com/mnews/article/079/0003833528?sid=100,
2023-11-14 11:06:19,"김동연, '김포 서울 편입' 주장 비판… ""선거 앞둔 정치 속임수""",https://n.news.naver.com/mnews/article/417/0000961963?sid=100,
2023-11-14 09:34:01,이번엔 한동훈보다 두 살 어린 野 유정주가 “정치 후지게 만드는 너”,https://n.news.naver.com/mnews/article/023/0003799015?sid=100,
2023-11-14 11:21:03,이원욱 “이재명은 정치 기득권자…경북 안동 출마하라”,https://n.news.naver.com/mnews/article/028/0002664456?sid=100,
2023-11-15 13:52:01,"""정치 인플루언서의 의도적 허위사실 유포""…檢, 최강욱에 징역 10개월 구형",https://n.news.naver.com/mnews/article/586/0000067725?sid=102,
2023-11-14 06:41:34,"한·미 등 46개국, '책임감 있는 AI 군사적 이용' 정치적 선언",https://n.news.naver.com/mnews/article/421/0007173602?sid=100,
2023-11-14 19:15:01,"[정치톡톡] 검찰총장 탄핵 소동 / ""후진 건 너""",https://n.news.naver.com/mnews/article/057/0001780689?sid=100,
2023-11-14 17:09:04,"""메가 서울은 정치쇼"" 김성진 전 산자부 대변인 '1인 시위'",https://n.news.naver.com/mnews/article/003/0012209218?sid=100,
2023-11-14 11:13:01,"홍익표 ""양도세 부과 기준 완화? 무책임한 던지기식 정치""",https://n.news.naver.com/mnews/article/047/0002412617?sid=100,
2023-11-15 04:03:27,"민주당 ""尹, 정치 중립 어긴 검찰총장 해임하거나 경고해야""",https://n.news.naver.com/mnews/article/052/0001960086?sid=100,
2023-11-15 18:33:06,"포스코, 미래기술연구원 성남 분원 확정… 포항 정치권 등 반발",https://n.news.naver.com/mnews/article/003/0012211954?sid=102,
2023-11-15 10:43:02,광주 찾은 김동연 경기지사 “선거 앞둔 정치 속임수”…메가 서울 강하게 비판,https://n.news.naver.com/mnews/article/021/0002605170?sid=102,
2023-11-14 06:04:14,위증교사 사건 별도 심리… 이재명 '정치생명' 가르나,https://n.news.naver.com/mnews/article/022/0003874661?sid=100,
2023-11-15 18:01:10,"'경기도 법카 유용 의혹' 배모 씨 2심서 ""정치적 논쟁화 안 돼""",https://n.news.naver.com/mnews/article/001/0014333445?sid=100,
2023-11-15 00:30:01,[천자칼럼] 인재 영입의 정치학,https://n.news.naver.com/mnews/article/015/0004914163?sid=110,
2023-11-14 02:08:17,"伊 국민 53% ""총리 직선제 개헌 찬성""…정치 불안정 이유 꼽아",https://n.news.naver.com/mnews/article/001/0014328409?sid=104,
2023-11-15 18:16:01,"기재부, 달빛고속철도특별법에 ""국회 논의 우선""… 여야 정치권 역할 관건",https://n.news.naver.com/mnews/article/088/0000846241?sid=100,
2023-11-15 17:33:02,"세계 한인 정치인들 산업시찰…""첨단 디지털 기술에 자긍심""",https://n.news.naver.com/mnews/article/001/0014333382?sid=100,
2023-11-15 16:54:03,"김무성 ""역사 악용 정치세력 경계해야""…도쿄·와세다大 강연",https://n.news.naver.com/mnews/article/448/0000436278?sid=100,
2023-11-13 21:54:33,"MBC KBS 등에 과징금 총 1억 4천만 원‥""사상 초유의 정치 심의""",https://n.news.naver.com/mnews/article/214/0001311593?sid=101,
2023-11-15 09:33:24,"더불어민주당 의원 30명 ""정치개혁 위해 '위성정당 방지법' 추진해야""",https://n.news.naver.com/mnews/article/421/0007176549?sid=100,
2023-11-14 00:57:41,"장제원 ""알량한 정치인생 연장하며 서울 가지 않겠다""",https://n.news.naver.com/mnews/article/052/0001959574?sid=100,
2023-11-14 16:02:03,김동연 경기지사·강기정 광주시장 “김포 서울 편입은 정치쇼”,https://n.news.naver.com/mnews/article/022/0003874879?sid=102,
2023-11-15 08:11:15,"선관위, 회사 돈 정치자금으로 기부한 대표·이사 고발",https://n.news.naver.com/mnews/article/056/0011602461?sid=100,
2023-11-15 17:40:01,"“한동훈, 구토 났다”던 유정주, 빠른 태세 전환…""정치인 혐오 어휘로 부르지 말길""",https://n.news.naver.com/mnews/article/088/0000846222?sid=100,
2023-11-14 09:07:55,"송영길 이어 민형배도 ""정치 후지게 한건 한동훈같은 XX""",https://n.news.naver.com/mnews/article/001/0014328635?sid=100,
2023-11-15 17:00:04,"'정치자금법 위반 의원직 상실' 이완영, 노무사회장 출마 논란",https://n.news.naver.com/mnews/article/629/0000249320?sid=102,
2023-11-15 17:32:27,"한동훈 ""민주당 건설적인 지적 해야""…정치 행보 물음에는 ""통상적 행보""",https://n.news.naver.com/mnews/article/057/0001780908?sid=102,
2023-11-15 11:23:11,KBS 노조 “특정 정치세력 경도된 사장이야말로 편파성의 상징”,https://n.news.naver.com/mnews/article/028/0002664627?sid=102,
2023-11-15 10:01:15,"""위장·꼼수가 자랑거리냐""…민형배 '탈당의 정치' 책 썼다",https://n.news.naver.com/mnews/article/015/0004914253?sid=100,
2023-11-15 11:18:15,"""우주항공청 특별법 통과 지연은 협치부재와 정치력 상실 때문""",https://n.news.naver.com/mnews/article/003/0012210433?sid=102,
2023-11-13 21:18:35,"장제원, 지지모임서 ""알량한 정치인생 연장하며 서울 가지 않아""",https://n.news.naver.com/mnews/article/001/0014328103?sid=100,
2023-11-15 19:12:01,[정치톡톡] '윤심' 혁신위에 중진 반응은? / 한동훈 아내 적십자 봉사에 등장,https://n.news.naver.com/mnews/article/057/0001780928?sid=100,
2023-11-15 11:36:30,민주 강민정 “정치 퇴행 책임져야…차기 총선 불출마”,https://n.news.naver.com/mnews/article/056/0011602710?sid=100,
2023-11-15 03:04:08,"‘에어부산 분리매각’ 정치권도 가세…부산與, TF와 산은 압박 논의 계획",https://n.news.naver.com/mnews/article/658/0000058056?sid=101,
2023-11-15 12:02:16,"ICC 소장 ""푸틴, ICC 재판관 1/3 지명수배…정치 행위라고 생각""",https://n.news.naver.com/mnews/article/421/0007177428?sid=102,
2023-11-13 10:14:59,"이재명 ""거부권 행사 정치 그만하고 방송법 즉각 수용해야""",https://n.news.naver.com/mnews/article/001/0014325964?sid=100,
2023-11-15 11:29:01,"김의겸 의원 ""호남 정치 활력을 불어넣을 새로운 리더십 절실""",https://n.news.naver.com/mnews/article/079/0003833891?sid=102,
2023-11-14 17:29:01,"민주당, 거친 표현 써가며 연일 한동훈 직격…韓 ""정치적 계산으로 탄핵 남발“",https://n.news.naver.com/mnews/article/088/0000845949?sid=100,
2023-11-13 10:57:03,"민주 민형배, 한동훈에 ""정치 후지게 한 건 한동훈 같은  XX""",https://n.news.naver.com/mnews/article/003/0012205119?sid=100,
2023-11-15 04:09:41,"한동훈 ""민주, 하루에 한 명씩 탄핵 추진...정치 계산 남발""",https://n.news.naver.com/mnews/article/052/0001960087?sid=102,
2023-11-15 15:11:01,中 정치보복 당할라…폭스콘 '비상계획' 마련,https://n.news.naver.com/mnews/article/018/0005620401?sid=104,
2023-11-14 13:14:34,이상휘 전 대통령실 춘추관장 '공감하는 정치하겠다',https://n.news.naver.com/mnews/article/421/0007174743?sid=102,
2023-11-14 16:33:03,"""수능 GG치고 LoL자""…기괴한 정치인 '응원 현수막' 시끌시끌",https://n.news.naver.com/mnews/article/011/0004261281?sid=100,
2023-11-14 10:05:01,"민주 민형배 ""정치 후지게 한 건 한동훈 같은 XX""",https://n.news.naver.com/mnews/article/422/0000629208?sid=100,
2023-11-15 18:01:13,尹대통령에 '쪽지메모' 전달한 정대철 “검사출신 넘어 폭넓은 인사 등용하라”[정치행간],https://n.news.naver.com/mnews/article/469/0000770459?sid=100,
2023-11-15 11:44:01,"""정치권 보면 숨쉬기 힘들다""고 하자 ""KBS 보면 숨쉬기 힘든 것 똑같아""",https://n.news.naver.com/mnews/article/006/0000120841?sid=100,
2023-11-14 11:27:05,"국민의힘, 野 '한동훈 같은 XX' 비판에 ""품위 잃은 막말, 정치 퇴보 진짜 원인""",https://n.news.naver.com/mnews/article/088/0000845823?sid=100,
2023-11-14 16:29:01,"'노무현국밥집' 회동 강기정·김동연 ""김포, 서울 편입은 정치쇼""",https://n.news.naver.com/mnews/article/047/0002412671?sid=102,
2023-11-15 04:29:31,"미국 정치도 '강경파 딜레마'…미 하원의장,  민주당과 협조해 예산안 처리 시도",https://n.news.naver.com/mnews/article/055/0001105927?sid=104,
2023-11-14 07:57:09,"장제원 ""알량한 정치생명 연장하려 서울 안 가""↔인요한 ""매 맞을래?""",https://n.news.naver.com/mnews/article/448/0000435996?sid=100,
2023-11-14 17:22:39,"강원선관위, 법인자금으로 정치자금 후원한 법인대표 고발",https://n.news.naver.com/mnews/article/001/0014330488?sid=102,
2023-11-15 14:46:01,인요한과 민주당 제주지사 [기자수첩-정치],https://n.news.naver.com/mnews/article/119/0002769419?sid=100,
2023-11-14 16:57:12,"박정희 전 대통령 탄신 106돌 기념식, 정치권 인사 대거 출동",https://n.news.naver.com/mnews/article/008/0004961626?sid=102,
2023-11-15 17:01:06,"“TV 광고는 중단”...美 정치광고 최대 고객, 온라인에 집중",https://n.news.naver.com/mnews/article/366/0000947885?sid=104,
2023-11-15 00:06:01,기시다가 TV나와 음담패설? 日정치인들 희생양된 ‘가짜동영상’ 파문 [방구석 도쿄통신],https://n.news.naver.com/mnews/article/023/0003799132?sid=104,
2023-11-13 09:31:36,"민형배 ""정치를 후지게 한 건 한동훈 같은 XX들""",https://n.news.naver.com/mnews/article/277/0005339660?sid=100,
2023-11-13 14:28:01,불법 정치자금 수수의혹 울산 이상헌 의원 검찰 송치,https://n.news.naver.com/mnews/article/082/0001241385?sid=102,
2023-11-15 18:00:13,[김미경의 정치네컷] 누가 더 후진가…진흙탕 싸움 도발한 송영길 vs 역공 한동훈,https://n.news.naver.com/mnews/article/029/0002837313?sid=100,
2023-11-15 18:01:05,"김성진 전 대변인, '서울메가시티' 정치쇼 중단 촉구",https://n.news.naver.com/mnews/article/079/0003834147?sid=102,
2023-11-14 12:03:06,"민주 ""국민의힘, 비리의혹검사 감싸기 혈안…민생 주력해야""",https://n.news.naver.com/mnews/article/003/0012208163?sid=100,
2023-11-13 10:42:27,"이종석 헌재소장 후보자 ""국민 신뢰, 정치적 중립성 바탕""",https://n.news.naver.com/mnews/article/003/0012205046?sid=102,
2023-11-15 11:38:01,이재명의 ‘횡재세’ 정치[오후여담],https://n.news.naver.com/mnews/article/021/0002605195?sid=110,
2023-11-15 17:13:07,[심윤희칼럼] 놈놈놈 … 정치권의 지겨운 나이 집착,https://n.news.naver.com/mnews/article/009/0005215537?sid=110,
2023-11-13 15:04:08,"여당, 송영길 '한동훈 어린놈 발언'에 ""정치사 욕되게 말고 자중해야""",https://n.news.naver.com/mnews/article/003/0012205975?sid=100,
2023-11-13 17:29:47,"""이준석·홍준표·김종인, 尹 전복세력""‥""정치 기본도 모르면서 헛된 망상""",https://n.news.naver.com/mnews/article/214/0001311554?sid=100,
2023-11-15 12:04:09,"우크라, 트럼프 '우크라 스캔들' 관련 정치인 반역 혐의 기소",https://n.news.naver.com/mnews/article/003/0012210671?sid=104,
2023-11-11 11:56:16,"송영길 '어린놈' 비난에 한동훈 ""운동권했다고…정치 후지게해""",https://n.news.naver.com/mnews/article/001/0014323863?sid=102,
2023-11-15 05:00:00,"[오늘의 주요일정] 정치·정부(15일, 수)",https://n.news.naver.com/mnews/article/421/0007176071?sid=100,
2023-11-14 18:06:12,[김건수의 지금 여기] 통합의 정책? 분열의 정치!,https://n.news.naver.com/mnews/article/082/0001241691?sid=110,
2023-11-15 17:17:04,"소설가 배명훈 ""외교부 의뢰로 2년간 '화성의 행성정치' 보고서 완성""",https://n.news.naver.com/mnews/article/003/0012211780?sid=103,
2023-11-15 13:21:10,"[MZ토론] MZ들이 본 여야 기득권 논란 ""정치에 낭만이 없다"" (정치쇼)",https://n.news.naver.com/mnews/article/055/0001106077?sid=100,
2023-11-15 11:28:20,"이스라엘, 하마스 '본진' 침투…전면해체 위한 '최후의 일격'",https://n.news.naver.com/mnews/article/001/0014331862?sid=104,
2023-11-11 08:20:30,"무디스, 美신용등급전망 '안정적'→'부정적'…정치 난맥상 지적(종합2보)",https://n.news.naver.com/mnews/article/001/0014323759?sid=101,
2023-11-13 15:56:35,"인천시 정무직 출마 러시…고주룡 대변인 ""남동을서 바른정치""",https://n.news.naver.com/mnews/article/001/0014327326?sid=100,
2023-11-13 13:53:34,"이재명 ""尹, 거부정치 그만""…방송3법 공포 촉구",https://n.news.naver.com/mnews/article/277/0005339854?sid=100,
2023-11-14 11:11:18,"[정치쇼] ""'어린놈' 생물학적인 말 아냐""…그렇다면 무슨 의미?",https://n.news.naver.com/mnews/article/055/0001105687?sid=100,
2023-11-15 11:41:02,포퓰리즘 정치는 안보도 망친다[김석의 시론],https://n.news.naver.com/mnews/article/021/0002605200?sid=110,
2023-11-14 11:42:02,제주 4·3평화공원 찾은 인요한 “이념에 희생당하는 일 없도록 정치권 잘해야”,https://n.news.naver.com/mnews/article/022/0003874793?sid=100,
2023-11-14 12:05:09,"與, 야권 KBS 인사 반발에 ""정치권, 감놔라 대추놔라 삼가야""",https://n.news.naver.com/mnews/article/001/0014329394?sid=100,
2023-11-13 21:05:42,"장제원 ""정치인생 연장하며 서울 안 가""‥혁신위 '험지 출마' 요구 거부",https://n.news.naver.com/mnews/article/214/0001311584?sid=100,
2023-11-13 11:21:01,노란봉투법·방송3법 통과에…“尹 거부권 건의” vs “거부정치 그만”,https://n.news.naver.com/mnews/article/081/0003408062?sid=100,
2023-11-15 15:38:05,주가도 통화도…정치에 휘둘리는 글로벌 시장,https://n.news.naver.com/mnews/article/011/0004261829?sid=104,
2023-11-12 11:37:03,"여당 ""민주, 이동관 탄핵 위해 꼼수 동원…도 넘은 나쁜정치""",https://n.news.naver.com/mnews/article/003/0012203966?sid=100,
2023-11-14 21:09:01,"'위장 탈당' 논란 민형배, 새 책 '탈당의 정치' 출판기념회",https://n.news.naver.com/mnews/article/088/0000845990?sid=100,
2023-11-14 17:35:01,서승우 “정치인으로 첫발”…15일 국민의힘 입당,https://n.news.naver.com/mnews/article/031/0000788109?sid=102,
2023-11-15 11:33:02,내년 4.10 총선…유정복 시장 ‘정치력’ 시험대,https://n.news.naver.com/mnews/article/629/0000249198?sid=102,
2023-11-11 12:04:11,"이준석, 대구 초선 향해 ""윤핵관 하수인 돼 싸가지 없게 정치""",https://n.news.naver.com/mnews/article/003/0012203165?sid=100,
2023-11-13 05:34:45,'편입' 의견 수렴은 어떻게?...복잡한 정치 셈법,https://n.news.naver.com/mnews/article/052/0001959077?sid=100,
2023-11-15 17:50:03,포스코 미래기술연구원 성남 분원 설립 확정…범대위·정치권 등 포항 각계 집단 반발,https://n.news.naver.com/mnews/article/022/0003875361?sid=102,
2023-11-14 09:21:03,"송영길 이어 민형배도 ""정치 후지게 한 건 한동훈 같은 XX""",https://n.news.naver.com/mnews/article/055/0001105653?sid=100,
2023-11-14 14:07:08,"한동훈 ""민주당, 정치적 계산으로 탄핵 남발""",https://n.news.naver.com/mnews/article/277/0005340473?sid=102,
2023-11-15 09:48:03,"'中 정치 탄압' 폭스콘 회장 ""지정학적 문제 대비책 마련 중""",https://n.news.naver.com/mnews/article/421/0007176609?sid=104,
2023-11-13 10:03:55,"이재명, 윤 대통령에 ""거부권 남발 '거부정치' 그만…방송법 수용해야""",https://n.news.naver.com/mnews/article/421/0007170921?sid=100,
2023-11-14 06:08:03,장제원 “알량한 정치인생 연장하며 서울 안 가”…인요한 권고 거부,https://n.news.naver.com/mnews/article/022/0003874673?sid=100,
2023-11-13 10:07:01,"민주당 민형배 ""정치 후지게 한 건 한동훈 같은 XX들""",https://n.news.naver.com/mnews/article/079/0003832825?sid=100,
2023-11-13 21:48:01,"장제원, 지지자 모임서 “알량한 정치인생 연장하며 서울 가지 않아”",https://n.news.naver.com/mnews/article/023/0003798899?sid=100,
2023-11-15 18:07:06,"[영상] 봉사활동 사진 공개된 한동훈 아내 진은정 변호사…한동훈에 ""정치 행보냐"" 묻자 미소 띠며 한 말",https://n.news.naver.com/mnews/article/055/0001106182?sid=100,
2023-11-14 16:38:10,김동연-강기정 “김포 서울편입은 총선 앞둔 정치 속임수”(종합),https://n.news.naver.com/mnews/article/421/0007175627?sid=102,
2023-11-15 11:21:00,"류호정, 송영길 '어린놈' 발언에 ""인간이 좀 덜 된 것 아닌가""",https://n.news.naver.com/mnews/article/001/0014331819?sid=100,
2023-11-15 10:57:49,"'불출마' 강민정 ""민주당에도 정치 퇴행 책임 있어""",https://n.news.naver.com/mnews/article/277/0005341048?sid=100,
2023-11-13 10:46:09,"이재명 대표 ""거부권 행사 정치 그만하고 방송법 즉각 수용해야""",https://n.news.naver.com/mnews/article/437/0000366804?sid=100,
2023-11-13 10:11:02,"野 민형배 ""정치를 후지게 한 건 한동훈같은 XX들""",https://n.news.naver.com/mnews/article/629/0000248710?sid=100,
2023-11-14 11:58:53,"與 ""한동훈 겨냥한 민주당 막말, 정치 퇴보의 진짜 원인""",https://n.news.naver.com/mnews/article/001/0014329362?sid=100,
2023-11-14 08:52:09,"한동훈에 떼로 덤비는 野…""그닥 어린 놈도 아닌 정치를 후지게 만드는 너""",https://n.news.naver.com/mnews/article/029/0002836797?sid=100,
2023-11-14 15:31:01,"한동훈 ""민주당 하루에 한 명씩 탄핵하나…정치적 계산으로 남발"" [현장영상]",https://n.news.naver.com/mnews/article/437/0000367020?sid=100,
2023-11-15 11:21:01,"‘불출마’ 민주당 강민정 의원 “정치·경제 퇴행, 민주당 책임 없다 할 수 없어”",https://n.news.naver.com/mnews/article/032/0003261345?sid=100,
2023-11-14 16:30:01,"유정주, 두 살 많은 한동훈에 ""정치 후지게 만드는 너"" 릴레이 비난",https://n.news.naver.com/mnews/article/656/0000069337?sid=100,
2023-11-14 21:45:09,"선관위, 회사 돈 정치자금으로 기부한 대표·이사 고발",https://n.news.naver.com/mnews/article/056/0011602229?sid=100,
2023-11-13 23:23:01,‘험지 출마’ 압박에 장제원 “알량한 정치인생 연장하며 서울 안 가”,https://n.news.naver.com/mnews/article/366/0000947230?sid=100,
2023-11-13 14:49:01,"이상헌 의원 ""기소의견은 정치적 의도 의심.. 명예훼손 고소로 대응""",https://n.news.naver.com/mnews/article/014/0005099931?sid=100,
2023-11-14 15:00:15,"한동훈 ""민주당 하루에 한명씩 탄핵 추진…정치적 계산으로 남발""",https://n.news.naver.com/mnews/article/008/0004961505?sid=102,
2023-11-13 10:24:03,"이재명 ""尹, 거부권 행사 정치 그만하고 방송법 즉각 수용해야""",https://n.news.naver.com/mnews/article/448/0000435849?sid=100,
2023-11-14 11:42:20,"민주당 ""윤 대통령, 정치중립 어긴 검찰총장 해임하거나 공개 경고해야""",https://n.news.naver.com/mnews/article/214/0001311736?sid=100,
2023-11-13 14:09:05,"민형배 ""한동훈 같은 XX들이 정치 후지게 해"" 정치권 '어린 X' 공방",https://n.news.naver.com/mnews/article/014/0005099898?sid=100,
2023-11-14 11:43:09,강기정 “김포 서울 편입은 실현 가능성 없는 정치쇼”,https://n.news.naver.com/mnews/article/021/0002604967?sid=102,
2023-11-13 20:46:01,"민주 민형배 “정치 후지게 한 건 한동훈 같은 XX, 어이없다”",https://n.news.naver.com/mnews/article/021/0002604866?sid=100,
2023-11-14 16:22:05,장제원 “서울 안 가”… 황보승희 “알량한 정치 대대손손 하시라”,https://n.news.naver.com/mnews/article/023/0003799085?sid=100,
2023-11-13 13:03:01,"이재명 “尹, ‘거부권 정치’ 그만하고 방송법 즉각 수용해야”",https://n.news.naver.com/mnews/article/022/0003874390?sid=100,
2023-11-15 12:16:23,검찰 '기자 명예훼손 1심 무죄' 최강욱 2심서 징역 10개월 구형,https://n.news.naver.com/mnews/article/001/0014332044?sid=102,
2023-11-14 11:28:01,홍익표 “주식 양도세·상속세 완화는 무책임한 던지기식 정치”,https://n.news.naver.com/mnews/article/032/0003261073?sid=100,
2023-11-13 12:24:01,"민형배 ""정치 후지게 한 건 한동훈 같은 XX""... '어린놈' 공방 가열",https://n.news.naver.com/mnews/article/469/0000769948?sid=100,
2023-11-14 14:08:03,"한동훈 ""민주당, 하루 한 명씩 탄핵 추진…남는 장사라는 정치적 계산""",https://n.news.naver.com/mnews/article/586/0000067657?sid=102,
2023-11-14 10:28:08,"장제원, '험지 출마' 사실상 거부 ""알량한 정치인생 연장하며 서울 가지 않겠다""",https://n.news.naver.com/mnews/article/088/0000845797?sid=100,
2023-11-13 21:45:03,장제원 “정치인생 연장하며 서울 안가”…‘험지 출마’ 요구에 선그어,https://n.news.naver.com/mnews/article/018/0005619066?sid=101,
2023-11-14 16:42:03,"이상휘 전 춘추관장, 내년 총선 포항남·울릉 출마 선언…""힘 있는 정치 할 것""",https://n.news.naver.com/mnews/article/629/0000249049?sid=102,
2023-11-14 15:49:26,"盧국밥집서 만난 김동연·강기정 ""김포 서울편입은 정치 속임수""",https://n.news.naver.com/mnews/article/025/0003321455?sid=100,
2023-11-13 11:22:03,‘어린놈’ 이어 ‘정치 후지게 만든 XX’…한동훈 향해 거칠어지는 野의 입,https://n.news.naver.com/mnews/article/022/0003874358?sid=100,
2023-11-15 11:46:01,"'어린놈' 송영길 직격한 류호정 ""인간이 좀 덜된 것 아닌가""",https://n.news.naver.com/mnews/article/015/0004914315?sid=100,
2023-11-14 14:36:03,강기정·김동연 “김포 서울편입은 지방 죽이기·선거용 정치쇼” 한목소리,https://n.news.naver.com/mnews/article/081/0003408510?sid=102,
2023-11-15 10:07:04,"민주당 의원 30명 ""위성정당 방지법 당론 촉구"" [뉴시스Pic]",https://n.news.naver.com/mnews/article/003/0012210083?sid=100,
2023-11-14 16:56:07,광주 찾은 김동연“김포 서울시 편입은 총선 앞둔 정치 속임수”,https://n.news.naver.com/mnews/article/468/0001002144?sid=102,
2023-11-15 16:31:14,"류호정, 송영길 '어린 놈'에 ""인간이 덜 된 것 아닌가 생각""",https://n.news.naver.com/mnews/article/003/0012211640?sid=100,
2023-11-14 13:24:04,"“서울 안간다”는 장제원에, 황보승희 “알량한 정치 혼자 살아라”",https://n.news.naver.com/mnews/article/025/0003321434?sid=100,
2023-11-14 17:14:03,[1분핫뉴스] 누가 더 정치를 후지게 만들었나,https://n.news.naver.com/mnews/article/055/0001105814?sid=100,
2023-11-13 22:01:10,"한동훈 비판 발언 공방…여 ""정치사 욕되게 해"" 야 ""정치 후지게 하는 xx""",https://n.news.naver.com/mnews/article/003/0012207003?sid=100,
2023-11-15 14:04:09,檢 '이동재 명예훼손 혐의' 최강욱 2심도 실형 구형(종합),https://n.news.naver.com/mnews/article/003/0012210982?sid=102,
2023-11-13 10:20:01,"이재명, 尹 향해 ""거부권 정치 그만…방송3법 수용하라""",https://n.news.naver.com/mnews/article/088/0000845567?sid=100,
2023-11-15 13:19:03,"류호정, 송영길 향해 “꼰대도 저 정도는… 인간이 좀 덜된 것 아닌가”",https://n.news.naver.com/mnews/article/023/0003799284?sid=100,
2023-11-13 10:06:09,민형배 “정치 후지게 한 건 한동훈 같은 XX들”,https://n.news.naver.com/mnews/article/023/0003798793?sid=100,
2023-11-14 10:38:01,"장제원 ""정치인생 연장하러 서울 안가""…인요한 혁신위 용퇴론 사실상 거부",https://n.news.naver.com/mnews/article/654/0000057585?sid=100,
2023-11-14 17:49:07,법인자금으로 국회의원 후원회에 정치자금 후원한 대표 고발,https://n.news.naver.com/mnews/article/079/0003833633?sid=102,
2023-11-15 06:25:00,"총선 이어 대선까지...이재명 정치 운명, '위증교사' 재판에 달렸다",https://n.news.naver.com/mnews/article/008/0004961768?sid=100,
2023-11-13 19:24:23,"언론노조 ""뉴스타파 인용보도 과징금 결정은 '초유의 정치 심의'""",https://n.news.naver.com/mnews/article/214/0001311571?sid=102,
2023-11-14 18:28:22,"박원석""신당 가속화 이준석과 연대? 공감대 있다. 최대 연합시 양당정치 넘어설 수 있어""",https://n.news.naver.com/mnews/article/052/0001959954?sid=100,
2023-11-14 14:39:18,민주당 검찰독재정치탄압위원회 고발하는 이종배 서울시의원,https://n.news.naver.com/mnews/article/421/0007175095?sid=100,
2023-11-15 16:32:01,"강민정 의원 불출마 선언... ""교사 정치기본권 돌파구 낼 것""",https://n.news.naver.com/mnews/article/047/0002412811?sid=102,
2023-11-14 11:04:01,"장제원, ""알량한 정치인생 연장하면서 서울 가지 않겠다""…혁신위 용퇴 요구 거부",https://n.news.naver.com/mnews/article/087/0001006702?sid=100,
2023-11-15 15:23:07,‘정치자금법 위반 혐의’ 이지석 광명시의원 불구속 송치,https://n.news.naver.com/mnews/article/018/0005620422?sid=102,
2023-11-13 10:17:01,"민형배 ""한동훈 같은 XX들이 정치 후지게 만든다…검찰권 정치에 악용""",https://n.news.naver.com/mnews/article/088/0000845566?sid=100,
2023-11-15 11:12:11,"檢, '이동재 명예훼손 혐의' 최강욱에 2심도 징역 10개월 구형",https://n.news.naver.com/mnews/article/003/0012210384?sid=102,
2023-11-14 19:22:03,"정치인·교수인 척 ""성공률 80% 보장""…경찰, SNS 허위 투자광고 수사 착수",https://n.news.naver.com/mnews/article/022/0003874962?sid=102,
2023-11-15 10:08:04,與 혁신위-친윤 힘겨루기 본격화…‘12월 비대위설’ 재점화 [이런정치],https://n.news.naver.com/mnews/article/016/0002224934?sid=100,
2023-11-13 18:14:21,한인정치인포럼 개막…'글로벌 중추국가' 건설 기여방안 논의,https://n.news.naver.com/mnews/article/001/0014327696?sid=100,
2023-11-16 05:00:00,"[오늘의 주요일정] 정치·정부(16일, 목)",https://n.news.naver.com/mnews/article/421/0007178858?sid=100,
2023-11-15 13:55:01,정의당 비대위 “‘금태섭 신당’ 포함 연합 대상 당원에 묻겠다”,https://n.news.naver.com/mnews/article/028/0002664644?sid=100,
2023-11-13 09:28:01,툰베리 ‘팔’ 지지 호소에 마이크 빼앗아 “기후 집회서 웬 정치 견해?”,https://n.news.naver.com/mnews/article/081/0003408029?sid=104,
2023-11-13 14:18:01,노란봉투법 대통령 거부권 행사 여부에 정치권 극단 반응,https://n.news.naver.com/mnews/article/006/0000120793?sid=100,
2023-11-15 16:41:01,"류호정, '어린놈' 발언 송영길에 ""인간이 덜 된 것 아닌가""",https://n.news.naver.com/mnews/article/437/0000367193?sid=100,
2023-11-15 14:30:07,천안 정치인들 출판기념회 봇물,https://n.news.naver.com/mnews/article/656/0000069469?sid=102,
2023-11-14 14:19:01,"한동훈 ""민주당, 하루에 한 명씩 탄핵 추진…정치적 계산으로 남발""",https://n.news.naver.com/mnews/article/123/0002320644?sid=100,
2023-11-14 14:39:17,이종배 서울시의원 '민주당 검찰독재정치탄압대책위 의원 고발',https://n.news.naver.com/mnews/article/421/0007175096?sid=100,
2023-11-11 11:44:01,"한동훈 “송영길같은 운동권이 정치 후지게, 추잡한 추문에도 우월한 척”",https://n.news.naver.com/mnews/article/023/0003798582?sid=102,
2023-11-15 18:31:39,"민주의원 30명, '위성정당 방지법' 당론 추진 촉구",https://n.news.naver.com/mnews/article/001/0014333513?sid=100,
2023-11-12 14:31:01,"국힘 ""이동관 탄핵 민주당, 나쁜 정치 도 넘었다""",https://n.news.naver.com/mnews/article/053/0000039548?sid=100,
2023-11-14 10:56:01,‘상속세 완화’ 딴지놓는 민주당…홍익표 “선거용 날림 정책·무책임 던지기식 정치”,https://n.news.naver.com/mnews/article/009/0005214530?sid=100,
2023-11-13 15:57:01,꼼수의 꼼수의 꼼수[김지현의 정치언락],https://n.news.naver.com/mnews/article/020/0003530845?sid=100,
2023-11-14 10:48:29,"[정치쇼] 천하람 ""이준석 신당 합류? 아직 답하긴 어려워""",https://n.news.naver.com/mnews/article/055/0001105679?sid=100,
2023-11-15 09:15:07,"이원욱 “정치9단 박지원, 개딸을 개딸이라 못 불러…김대중 철학 외면”",https://n.news.naver.com/mnews/article/016/0002224867?sid=100,
2023-11-13 10:27:01,"이재명 ""방송3법, 언론자유 회복 기회…尹 '거부정치' 그만해야""",https://n.news.naver.com/mnews/article/031/0000787437?sid=100,
2023-11-16 00:55:35,[사설] 민주당-한동훈의 정치 혐오 부추기는 말싸움,https://n.news.naver.com/mnews/article/025/0003321907?sid=110,
2023-11-14 18:02:35,"황보승희, 장제원 겨냥해 ""알량한 정치 계속하시라""",https://n.news.naver.com/mnews/article/052/0001959941?sid=100,
2023-11-16 05:05:52,[서울 on] 민의로 포장한 정치/명희진 정치부 기자,https://n.news.naver.com/mnews/article/081/0003409084?sid=110,
2023-11-14 16:23:09,"‘정치 감사’ 비판에도…감사원 “전 정부, ‘신재생 확대’ 무리하게 강행”",https://n.news.naver.com/mnews/article/028/0002664501?sid=100,
2023-11-14 11:56:01,"[10분 뉴스정복] 이준석의 혐오정치, 류호정은 무슨 생각인가",https://n.news.naver.com/mnews/article/047/0002412628?sid=102,
2023-11-15 09:47:05,"민주 의원 30명, '위성정당 방지법' 당론 추진 촉구",https://n.news.naver.com/mnews/article/014/0005100991?sid=100,
2023-11-13 14:50:22,"윤재옥 ""몰염치한 민주당 정치 심판 받을 것…민생·예산에 집중""",https://n.news.naver.com/mnews/article/003/0012205907?sid=100,
2023-11-14 14:58:01,이재명이 달라졌다? '사법리스크'에 가려진 '사이다정치',https://n.news.naver.com/mnews/article/586/0000067666?sid=100,
2023-11-15 14:40:00,"류호정, 송영길 향해 “인간 덜 된 듯…꼰대도 저 정도는...”",https://n.news.naver.com/mnews/article/009/0005215324?sid=100,
2023-11-13 13:28:06,"신평 저격한 홍준표…""정치 기본도 모르는 사람이 망상으로 훈수""",https://n.news.naver.com/mnews/article/277/0005339845?sid=100,
2023-11-14 05:40:00,집에 김일성 사진 걸고 '北 정치' 찬양한 60대…'보안법 위반' 실형,https://n.news.naver.com/mnews/article/008/0004961164?sid=102,
2023-11-15 19:44:01,[단독]국민연금 ‘내는돈’ 현행 9%→최소 13%로 인상 논의,https://n.news.naver.com/mnews/article/020/0003531384?sid=102,
2023-11-14 13:17:01,"한동훈 ""민주당, 정치적으로 남는 장사라고 탄핵 남발해""",https://n.news.naver.com/mnews/article/018/0005619488?sid=102,
2023-11-14 15:36:41,"민주당 ""尹, 정치 중립 어긴 검찰총장 해임하거나 경고해야""",https://n.news.naver.com/mnews/article/052/0001959845?sid=100,
2023-11-14 17:11:01,"與, ‘김포시 서울 편입’ 특별법 띄운다…통과 가능성은? [이런정치]",https://n.news.naver.com/mnews/article/016/0002224667?sid=100,
2023-11-12 15:24:08,"여당 ""민주, 이동관 탄핵 위해 꼼수 동원…도 넘은 나쁜정치""(종합)",https://n.news.naver.com/mnews/article/003/0012204230?sid=100,
2023-11-14 16:00:04,한미일 등 46개국 “AI 군사적으로 책임감있게 사용할 것” 정치선언 동참,https://n.news.naver.com/mnews/article/081/0003408555?sid=104,
2023-11-15 10:34:41,"이원욱 ""송영길 '어린 놈', 586·486 정치인 몰락시키는 모습""",https://n.news.naver.com/mnews/article/277/0005341030?sid=100,
2023-11-15 11:34:29,"배우출신 민주 방수형, 전주갑 출마… “전주를 혁신 변화의 시작점으로”",https://n.news.naver.com/mnews/article/003/0012210575?sid=102,
2023-11-13 11:51:02,60대와 70대 정치의식은 다르다…내달부터 여론조사 구분해야,https://n.news.naver.com/mnews/article/028/0002664290?sid=100,
2023-11-11 13:43:01,"한동훈, ‘어린 놈’ 발언 송영길 전 대표에 “정치 후지게 만들어”",https://n.news.naver.com/mnews/article/032/0003260566?sid=100,
2023-11-15 18:55:45,"'법카 유용 의혹' 배 모 씨 2심에서 ""정치적 논쟁 바람직하지 않아""",https://n.news.naver.com/mnews/article/052/0001960525?sid=102,
2023-11-14 18:23:01,"도선관위, 법인자금으로 정치자금 후원한 행위 고발",https://n.news.naver.com/mnews/article/087/0001006920?sid=100,
2023-11-14 15:56:31,"[씨박스] 韓 ""정치 후지게 만들어"" ↔ 宋 ""장관을 후지게 해""",https://n.news.naver.com/mnews/article/448/0000436081?sid=100,
2023-11-14 11:45:01,"윤재옥, KBS 진행자 교체 사태에 ""정치권이 감놔라 대추놔라 하는 건 옳지 않아""",https://n.news.naver.com/mnews/article/006/0000120818?sid=100,
2023-11-14 13:20:03,"민주 ""윤대통령, 정치중립 어긴 검찰총장 해임 또는 경고해야""",https://n.news.naver.com/mnews/article/422/0000629235?sid=100,
2023-11-15 10:20:06,[대구·경북 주간정치] 정치권 관심은 대구…이준석 신당 초읽기?,https://n.news.naver.com/mnews/article/056/0011602672?sid=100,
2023-11-15 12:11:03,"여당, 민주 '이원석 탄핵' 추진설에 ""습관성 탄핵 전문 정당""",https://n.news.naver.com/mnews/article/003/0012210684?sid=100,
2023-11-14 11:55:08,"송영길, 또 한동훈에 ""이렇게 후지게 하는 법무장관은 처음""(종합)",https://n.news.naver.com/mnews/article/001/0014329351?sid=100,
2023-11-15 17:18:16,'정치 실종시대 민주주의' 정당학회 연례학술회의,https://n.news.naver.com/mnews/article/009/0005215577?sid=100,
2023-11-14 06:43:01,김종인 “앞으로 정치권에 직접 개입하는 일은 절대 없을 것”,https://n.news.naver.com/mnews/article/022/0003874688?sid=100,
2023-11-11 14:26:03,"송영길 '어린 건방진놈' 막말에 한동훈 ""도덕성 맨 끝…정치 후지게해""",https://n.news.naver.com/mnews/article/448/0000435713?sid=100,
2023-11-14 10:57:01,"민형배 ""정치를 후지게 한건 한동훈 같은 XX다…탐욕이 지금 대한민국 정치를 이렇게 만들어""",https://n.news.naver.com/mnews/article/087/0001006700?sid=100,
2023-11-14 09:02:01,韓美 등 46개국 “책임감 있는 AI 군사적 이용” 정치적 선언,https://n.news.naver.com/mnews/article/016/0002224221?sid=100,
2023-11-14 07:03:01,"국힘, 宋 ‘한동훈 어린놈 발언’에 “정치사 욕되게 말고 자중해야”",https://n.news.naver.com/mnews/article/022/0003874695?sid=100,
2023-11-13 00:04:01,‘검사탄핵’ 野·檢 대치… “건방진 놈” “정치 후지게” 난타전,https://n.news.naver.com/mnews/article/005/0001651437?sid=102,
2023-11-13 23:00:01,"장제원 ""알량한 정치인생 연장하면서 서울 가지 않겠다""",https://n.news.naver.com/mnews/article/660/0000049194?sid=100,
2023-11-14 14:38:43,방글라 정치권 '극한대립'에 美 중재 나서나…여야에 회동 제안,https://n.news.naver.com/mnews/article/001/0014329792?sid=102,
2023-11-14 05:00:00,"'배신의 정치' 지목된 유승민 …朴 ""왜 나와 거리뒀나 모르겠다"" [박근혜 회고록]",https://n.news.naver.com/mnews/article/025/0003321362?sid=100,
2023-11-15 05:05:51,[마감 후] 코리아 이스 레디?/허백윤 정치부 기자,https://n.news.naver.com/mnews/article/081/0003408729?sid=110,
2023-11-13 13:48:01,"경찰, 野 이상헌의원 ‘정치자금법 위반’ 기소의견 송치",https://n.news.naver.com/mnews/article/009/0005213966?sid=102,
2023-11-11 13:57:59,"한동훈, 송영길 '건방진 놈' 비난에 ""운동권했다고…정치 후지게해""",https://n.news.naver.com/mnews/article/057/0001780052?sid=100,
2023-11-11 15:09:28,송영길 “‘건방진 놈’ 탄핵해야”…한동훈 “정치 후지게 만들어”,https://n.news.naver.com/mnews/article/056/0011600400?sid=102,
2023-11-15 10:14:03,"한동훈에 “너”했던 유정주, 돌연 “혐오 어휘로 부르지 말기 약속해요”",https://n.news.naver.com/mnews/article/023/0003799251?sid=100,
2023-11-13 21:10:17,세계한인정치인포럼 찾은 박진 외교 장관,https://n.news.naver.com/mnews/article/421/0007173223?sid=100,
2023-11-12 16:40:18,"""정치셈법보다 헌법수호가 우선""…윤 대통령, 세 번째 거부권 '무게'",https://n.news.naver.com/mnews/article/421/0007170219?sid=100,
2023-11-15 15:28:01,"류호정, 한동훈 ‘어린놈’ 비난 송영길에 “인간 좀 덜된 듯”",https://n.news.naver.com/mnews/article/021/0002605301?sid=100,
2023-11-14 07:48:01,장제원 “알량한 정치 인생 연장하며 서울 가지 않겠다”,https://n.news.naver.com/mnews/article/016/0002224173?sid=100,
2023-11-13 16:27:01,“은행 이익은 불법 아냐”…정치권發 ‘횡재세’ 도입 추진에 논란 확산,https://n.news.naver.com/mnews/article/243/0000052703?sid=101,
2023-11-15 14:38:06,"'비명계' 이상민 ""국민의힘 입당 가능성 배제 안한다""",https://n.news.naver.com/mnews/article/421/0007177873?sid=100,
2023-11-14 17:39:11,[로터리]  뺄셈 아닌 덧셈 정치로,https://n.news.naver.com/mnews/article/011/0004261358?sid=100,
2023-11-13 13:07:01,"국민의힘 ""거부권 공식 건의""…민주 ""거부정치 그만""",https://n.news.naver.com/mnews/article/422/0000629030?sid=100,
2023-11-14 20:33:01,[안호기 칼럼] ‘아니면 말고’ 위험한 정치의 계절,https://n.news.naver.com/mnews/article/032/0003261202?sid=110,
2023-11-11 15:43:01,송영길 ‘어린놈’ 비난…한동훈 “운동권했다고 정치 후지게”,https://n.news.naver.com/mnews/article/022/0003873992?sid=100,
2023-11-15 00:45:15,"美진보성향 슈퍼팩, TV광고 손 떼고 온라인 선거운동에 '올인'",https://n.news.naver.com/mnews/article/001/0014330797?sid=104,
2023-11-11 13:28:16,"한동훈 ""송영길, 한국 정치 후지게 만들어""…'건방진 놈' 발언 맞대응",https://n.news.naver.com/mnews/article/421/0007168952?sid=102,
2023-11-15 17:14:04,"한동훈, 아내 진은정 봉사활동에 ""통상적""",https://n.news.naver.com/mnews/article/018/0005620527?sid=100,
2023-11-14 05:00:00,"[오늘의 주요일정] 정치·정부(14일, 화)",https://n.news.naver.com/mnews/article/421/0007173510?sid=100,
2023-11-12 11:22:01,결국 美 셧다운 오나…정치 난맥상에 경제 '흔들',https://n.news.naver.com/mnews/article/018/0005617833?sid=101,
2023-11-13 16:55:35,"인천시 정무직 총선 출마 잇따라…고주룡 대변인 ""남동을서 바른 정치""",https://n.news.naver.com/mnews/article/055/0001105466?sid=102,
2023-11-14 18:53:02,사장 취임 첫 일정이 하차 통보? 위기의 KBS [정치왜그래?],https://n.news.naver.com/mnews/article/308/0000033727?sid=100,
2023-11-14 21:13:01,"광주 찾은 김동연 ""尹정부ㆍ여당, 총선 앞두고 포퓰리즘 정치""",https://n.news.naver.com/mnews/article/660/0000049265?sid=102,
2023-11-14 14:11:07,"한동훈 ""檢 총장 탄핵도 말 바꿔…하루 한명 탄핵하나""",https://n.news.naver.com/mnews/article/003/0012208466?sid=102,
2023-11-13 11:08:30,"'고발사주' 손준성 ""선고 앞두고 탄핵 추진‥정치적 공세""",https://n.news.naver.com/mnews/article/214/0001311464?sid=102,
2023-11-13 17:50:20,"박환희 서울시의회 운영위원장 의회장 엄수…""빛과 소금의 정치인""",https://n.news.naver.com/mnews/article/421/0007172760?sid=102,
2023-11-13 19:13:01,[정치톡톡] 이재명 동네 투어 / 산악회 간 장제원 / 신당,https://n.news.naver.com/mnews/article/057/0001780432?sid=100,
2023-11-15 05:04:27,“AI 군사적 사용 책임 있게”… 한미 등 46개국 정치선언,https://n.news.naver.com/mnews/article/081/0003408691?sid=104,
2023-11-11 00:04:22,"트럼프 ""사법당국 무기화 나도 가능""…재선시 정치보복 시사",https://n.news.naver.com/mnews/article/001/0014323645?sid=104,
2023-11-15 17:51:01,"류호정 ""송영길 '한동훈 어린놈' 비난…인간이 좀 덜 됐나"" 직격",https://n.news.naver.com/mnews/article/082/0001241914?sid=100,
2023-11-14 19:14:24,[대구·경북 주간정치] 정치권 관심은 대구…이준석 신당 초읽기?,https://n.news.naver.com/mnews/article/056/0011602116?sid=100,
2023-11-14 18:41:01,"“대학과 지역은 ‘공생’… 정부가 끌고, 정치가 밀어야 발전” [유럽 대학도시서 배운다]",https://n.news.naver.com/mnews/article/082/0001241716?sid=100,
2023-11-14 06:30:00,"""노란봉투법은 찬성, 정치집회는 반대""… 양대노총과 다른 길 가는 'MZ노조'",https://n.news.naver.com/mnews/article/277/0005340116?sid=102,
2023-11-15 17:19:07,"도쿄·와세다大 강연 나선 김무성…""양국 역사 `정치적 악용` 경계해야""",https://n.news.naver.com/mnews/article/029/0002837290?sid=100,
2023-11-12 15:44:17,"북, G7 외교장관 회의에 ""미국에 봉사하는 정치 도구""",https://n.news.naver.com/mnews/article/057/0001780176?sid=100,
2023-11-15 11:09:30,"조국-송영길, 비례대표 신당 창당하나",https://n.news.naver.com/mnews/article/003/0012210365?sid=100,
2023-11-15 13:22:01,"'건방진 놈' 송영길에 류호정 ""인간 덜 된 것 아닌가""",https://n.news.naver.com/mnews/article/119/0002769371?sid=100,
2023-11-13 17:48:01,"""이준석 신당 영남에 뜨면 민주당은 3등... 이렇게 정치하면 안돼""",https://n.news.naver.com/mnews/article/047/0002412572?sid=100,
2023-11-15 15:35:11,“세 치 혀가 사람 잡아”…檢 ‘명예훼손’ 무죄 최강욱에 징역형 구형,https://n.news.naver.com/mnews/article/081/0003408890?sid=102,
2023-11-14 13:14:44,"이상휘, '꿈과 희망의 생산적 정치하겠다'",https://n.news.naver.com/mnews/article/421/0007174745?sid=102,
2023-11-13 20:32:45,제9차 세계한인정치인포럼 개회식,https://n.news.naver.com/mnews/article/001/0014328022?sid=100,
2023-11-14 17:25:07,"장제원의 ""서울 안 가""…황보승희 ""알량한 정치 대대손손 하시라"" 저격",https://n.news.naver.com/mnews/article/656/0000069358?sid=100,
2023-11-14 08:48:01,박진 장관 “글로벌중추국가 비전실현에 한인 정치인 역할 중요”,https://n.news.naver.com/mnews/article/018/0005619177?sid=100,
2023-11-15 16:41:01,"‘52시간 보완’에 ‘주 4.5일제로 맞불’…이재명, 노동의제 던졌다 [이런정치]",https://n.news.naver.com/mnews/article/016/0002225258?sid=100,
2023-11-15 11:13:45,"이준석 ""김기현 1~2주 내 쫓겨나…한동훈 비대위원장 가능""",https://n.news.naver.com/mnews/article/421/0007177083?sid=100,
2023-11-13 22:31:01,장제원 “정치인생 연장하며 서울 안 가”…인요한 “그냥 우유 마실래 맞고 마실래”,https://n.news.naver.com/mnews/article/020/0003530890?sid=100,
2023-11-11 13:06:01,송영길 “어린 건방진 놈” 한동훈 “운동권 했다고…정치 후지게 해”,https://n.news.naver.com/mnews/article/009/0005213349?sid=100,
2023-11-13 17:18:01,"李 ‘정치 생명’ 걸린 위증교사 사건, 檢 ‘분리 기소’ 승부수 통했다",https://n.news.naver.com/mnews/article/081/0003408205?sid=102,
2023-11-15 12:22:01,"민주, 檢 탄핵 ‘간보기’…역풍 우려에도 멈추지 않는 강경파 질주 [이런정치]",https://n.news.naver.com/mnews/article/016/0002225109?sid=100,
2023-11-15 18:36:03,한동훈 부인 진은정씨 첫 등장… ‘사랑의 선물’ [포착],https://n.news.naver.com/mnews/article/005/0001652372?sid=102,
2023-11-15 17:16:09,민주 비명계 '원칙과 상식' 내일 출범…입장문도 발표,https://n.news.naver.com/mnews/article/003/0012211779?sid=100,
2023-11-11 14:52:01,"송영길 전 대표 '어린놈' 발언에 한동훈 장관 ""운동권 했다고…정치 후지게 만들어""",https://n.news.naver.com/mnews/article/437/0000366678?sid=100,
2023-11-14 09:57:16,"송영길, 한동훈 또 직격…민형배·유정주도 가세 “정치 후지게 만들어”",https://n.news.naver.com/mnews/article/056/0011601726?sid=100,
2023-11-13 11:19:03,"'고발 사주' 손준성 ""선고 앞두고 탄핵 추진? 정치적 공세 의연히 대처할 것""",https://n.news.naver.com/mnews/article/119/0002768355?sid=102,
2023-11-12 14:10:01,"국민의힘 “민주, 이동관 탄핵 위해 온갖 꼼수 동원…도 넘은 나쁜정치”",https://n.news.naver.com/mnews/article/021/0002604587?sid=100,
2023-11-13 10:38:01,"민형배,  “정치를 후지게 한 건 한동훈 같은 XX들”",https://n.news.naver.com/mnews/article/016/0002223739?sid=102,
2023-11-15 16:24:03,"‘서오남’에서 ‘지여사’로… 대통령실, 방향 선회 조짐",https://n.news.naver.com/mnews/article/005/0001652321?sid=100,
2023-11-11 19:15:34,宋 “한동훈 건방지다” vs 韓 “정치 후지게 만들어”,https://n.news.naver.com/mnews/article/449/0000261468?sid=100,
2023-11-15 15:19:01,"류호정, 송영길 '어린놈' 발언에 ""인간 덜 된 것 아닌가""",https://n.news.naver.com/mnews/article/586/0000067743?sid=100,
2023-11-14 17:54:31,"野, 한동훈에 입모아 ""후지게""…송영길 ""후지게 하는 장관""(종합2보)",https://n.news.naver.com/mnews/article/001/0014330573?sid=100,
2023-11-13 15:53:09,"신평 저격한 홍준표 ""정치 기본도 모르는 사람이 헛된 망상으로 훈수 역겨워""",https://n.news.naver.com/mnews/article/029/0002836676?sid=100,
2023-11-15 13:26:01,송영길 ‘어린놈’ 발언에…류호정 “인간이 좀 덜 된 것 아닌가”,https://n.news.naver.com/mnews/article/016/0002225125?sid=100,
2023-11-09 05:03:44,"메타 ""페이스북 등에 정치광고 할 때 AI 사용 안 밝히면 거부""",https://n.news.naver.com/mnews/article/001/0014318840?sid=104,
2023-11-13 00:06:01,[오늘과 내일/윤완준]정치인 인요한,https://n.news.naver.com/mnews/article/020/0003530660?sid=110,
2023-11-13 19:11:01,"여 ""쟁점법안 재의요구권 행사 건의"" 야 ""거부권 정치 그만해야""",https://n.news.naver.com/mnews/article/057/0001780431?sid=100,
2023-11-11 12:41:01,"송영길 ""건방진 놈"" 비난에 한동훈 ""정치 '후지게' 만들어""",https://n.news.naver.com/mnews/article/629/0000248566?sid=102,
2023-11-15 11:17:01,"한동훈에 ""너""라더니 돌연 ""약속할까요"" 유정주의 어제와 다른 오늘",https://n.news.naver.com/mnews/article/015/0004914303?sid=100,
2023-11-14 09:31:01,"조국, ‘증오의 조직화’로 尹정권 파탄 노려… ‘민주 위성정당’ 차려 출마할듯[허민의 정치카페]",https://n.news.naver.com/mnews/article/021/0002604927?sid=100,
2023-11-13 20:31:32,제9차 세계한인정치인포럼 개회식,https://n.news.naver.com/mnews/article/001/0014328016?sid=100,
2023-11-14 09:38:07,"광주 찾은 김동연 ""김포 편입, 지방 죽이기·선거용 속임수""",https://n.news.naver.com/mnews/article/003/0012207460?sid=102,
2023-11-15 12:24:01,"이원욱, 송영길 저격 ""386 운동가 출신 정치인 전체 욕 먹여""",https://n.news.naver.com/mnews/article/123/0002320756?sid=100,
2023-11-15 09:39:11,"[정치쇼] 성일종 ""김기현, 작은 것 연연할 분 아냐…장제원도 숙고 중일 것""",https://n.news.naver.com/mnews/article/055/0001106008?sid=100,
2023-11-11 13:36:01,"한동훈 ""송영길 같은 운동권이 정치 후지게 해…추잡한 추문에도 우월한 척”",https://n.news.naver.com/mnews/article/011/0004260190?sid=100,
2023-11-15 14:29:07,"류호정, 송영길 `한동훈 어린놈` 발언에 ""인간이 좀 덜 된 것 아닌가""",https://n.news.naver.com/mnews/article/029/0002837204?sid=100,
2023-11-15 15:20:01,"한국 온 ICC 소장 “가석방 없는 종신형, 고문이라는 의견도…정답 없어”",https://n.news.naver.com/mnews/article/081/0003408881?sid=102,
2023-11-12 19:36:48,[뉴스야?!] '정치 초보' 인요한 효과?,https://n.news.naver.com/mnews/article/448/0000435807?sid=100,
2023-11-13 17:54:58,"MBC ""방심위 과징금은 정당성 결여된 불공정 정치 심의‥공영방송 압박""",https://n.news.naver.com/mnews/article/214/0001311560?sid=102,
2023-11-15 10:46:01,[새론새평] 정책은 정치다,https://n.news.naver.com/mnews/article/088/0000846041?sid=110,
2023-11-11 13:45:01,"한동훈, 송영길에 ""운동권 했다고 사회 기여도 없이 정치 후지게 해""",https://n.news.naver.com/mnews/article/016/0002223286?sid=102,
2023-11-13 13:19:17,"이종석 ""정치적 중립·독립성 지켜 국민 신뢰 얻을 것""",https://n.news.naver.com/mnews/article/057/0001780340?sid=102,
2023-11-13 12:35:05,"홍준표 ""정치 기본도 모르는 이가 대통령 멘토 자처""…누구 겨냥?",https://n.news.naver.com/mnews/article/421/0007171600?sid=102,
2023-11-15 07:03:04,[이진순 칼럼] 시시한 정치에서 벗어날 통 큰 야심,https://n.news.naver.com/mnews/article/028/0002664595?sid=110,
2023-11-12 18:25:01,"[단독] 공매도 금지, 법 절차 건너뛰고 결정…정치적 판단 의혹 키워",https://n.news.naver.com/mnews/article/011/0004260399?sid=101,
2023-11-14 07:00:01,"'메가서울'아, 부산의 꿈을 앗아가지 마오 [기자수첩-정치]",https://n.news.naver.com/mnews/article/119/0002768661?sid=100,
2023-11-13 13:54:06,"하마스 ""가자는 가자 주민이 통치…그 외 안보·정치 권한 없다""[이-팔 전쟁]",https://n.news.naver.com/mnews/article/003/0012205706?sid=104,
2023-11-14 16:23:11,"국민의힘 ""KBS, 특정 정치집단 유착해 도구로 전락""‥박민 사장 옹호",https://n.news.naver.com/mnews/article/214/0001311813?sid=100,
2023-11-15 00:07:01,"김동연 “김포 서울 편입은 지방 죽이기, 정치 속임수”",https://n.news.naver.com/mnews/article/005/0001652112?sid=102,
2023-11-14 07:15:01,"여 ""쟁점법안 재의요구권 행사 건의"" 야 ""거부권 정치 그만해야""",https://n.news.naver.com/mnews/article/057/0001780478?sid=100,
2023-11-13 19:44:10,"새벽버스 올라탄 나경원 ""중앙정치는 자리싸움 소음뿐""",https://n.news.naver.com/mnews/article/029/0002836768?sid=100,
2023-11-14 12:03:59,"송영길, 한동훈에 ""이렇게 후지게 하는 법무장관은 처음""",https://n.news.naver.com/mnews/article/055/0001105711?sid=100,
2023-11-12 18:03:17,"한동훈, 송영길 겨냥 “대한민국 정치 후지게 해”",https://n.news.naver.com/mnews/article/022/0003874127?sid=100,
2023-11-15 11:59:45,"총선 불출마 강민정 ""21대 국회 퇴행 책임…남은 임기에 최선""",https://n.news.naver.com/mnews/article/421/0007177412?sid=100,
2023-11-15 14:26:16,"한동훈에 ""너"" 한 유정주, 돌연 ""혐오 어휘로 부르지 말길""",https://n.news.naver.com/mnews/article/057/0001780865?sid=100,
2023-11-15 07:01:13,[오늘의 주요일정]정치(11월15일 수요일),https://n.news.naver.com/mnews/article/003/0012209626?sid=100,
2023-11-15 09:57:05,"[정치쇼] 안민석 ""이재명 안동 출마? 애들도 누가 하라고 하면 더 하기 싫어""",https://n.news.naver.com/mnews/article/055/0001106011?sid=100,
2023-11-14 15:18:55,"민주, 연일 한동훈 때리기…""후진"" ""구토"" ""XX"" ""어린놈""",https://n.news.naver.com/mnews/article/421/0007175336?sid=100,
2023-11-11 13:51:34,"한동훈 “송영길 같은 운동권이 정치 후지게, 추잡한 추문에도 우월한 척”",https://n.news.naver.com/mnews/article/449/0000261446?sid=100,
2023-11-13 06:08:13,"한동훈, 송영길 겨냥 “韓정치 후지게 해”… 宋 “건방진 놈” 원색비난에 맞대응",https://n.news.naver.com/mnews/article/022/0003874259?sid=100,
2023-11-14 06:56:01,"장제원, 지지모임서 ""알량한 정치인생 연장하며 서울 가지 않겠다""",https://n.news.naver.com/mnews/article/656/0000069248?sid=100,
2023-11-14 12:23:03,"송영길, 한동훈에 ""어린 놈"" 이어 ""후진 법무장관""",https://n.news.naver.com/mnews/article/448/0000436043?sid=100,
2023-11-11 17:08:28,"[D리포트] 송영길 ""이런 건방진 놈이 어디 있나?"" 한동훈 ""운동권 했다고…대한민국 정치 후지게 만들었다""",https://n.news.naver.com/mnews/article/055/0001105057?sid=100,
2023-11-13 20:22:07,"박진 외교장관 ""한인정치인 국제사회 역할 확대 지원해야""",https://n.news.naver.com/mnews/article/003/0012206821?sid=100,
2023-11-13 09:25:29,"이준석 ""금태섭, 진영정치 깬 제3당? 굉장히 거창하고 상투적""",https://n.news.naver.com/mnews/article/277/0005339649?sid=100,
2023-11-13 18:52:57,"민주 ""방심위, YTN 등 무더기 과징금은 '정치 심의'...방심위원장 사퇴해야""",https://n.news.naver.com/mnews/article/052/0001959469?sid=100,
2023-11-14 11:24:31,"윤재옥 ""KBS, 본연의 자세 돌아오길...정치권 개입 말아야""",https://n.news.naver.com/mnews/article/052/0001959731?sid=100,
2023-11-15 11:44:08,"與, '메가서울' 6년 걸쳐 단계적 확장…농어촌 전형 폐지 유예도",https://n.news.naver.com/mnews/article/374/0000358893?sid=101,
2023-11-13 10:01:20,"이재명 ""尹정권, 거부정치 그만해야…방송3법 즉각 수용해야""",https://n.news.naver.com/mnews/article/008/0004960718?sid=100,
2023-11-15 17:56:24,포스코 미래기술연구원 성남 분원 설립 확정…포항 각계 반발(종합),https://n.news.naver.com/mnews/article/001/0014333438?sid=101,
2023-11-14 13:55:04,"광주 찾은 김동연 ""김포 편입, 지방 죽이기·선거용 속임수""(종합)",https://n.news.naver.com/mnews/article/003/0012208396?sid=100,
2023-11-14 19:11:38,한동훈 “하루 한 명씩 탄핵 추진”…민주당 향해 직격탄,https://n.news.naver.com/mnews/article/449/0000261664?sid=102,
2023-11-15 11:19:01,"이준석 “인요한, 한동훈 카펫 깔기…김기현 1~2주내 쫓겨나”",https://n.news.naver.com/mnews/article/021/0002605184?sid=100,
2023-11-15 03:01:22,"송영길, 비례정당 창당 시사… “조국과 연대 할수도”",https://n.news.naver.com/mnews/article/020/0003531172?sid=100,
2023-11-10 03:01:13,‘입법 독주→거부권’ 쳇바퀴에 갇힌 정치,https://n.news.naver.com/mnews/article/020/0003530302?sid=100,
2023-11-11 13:45:48,"""건방진 놈"" 송영길 발언에… 한동훈 ""한국 정치 후지게 만들어""",https://n.news.naver.com/mnews/article/417/0000961468?sid=100,
2023-11-15 12:45:01,"한동훈 말말말에 ""정치적 코멘트..열 받았을 것"", ""본인 일도 제대로 못하면서 정치적 발언""[박영환의 시사1번지]",https://n.news.naver.com/mnews/article/660/0000049324?sid=100,
2023-11-13 23:09:53,"장제원 ""알량한 정치인생 연장하며 서울 가지 않겠다""",https://n.news.naver.com/mnews/article/052/0001959530?sid=100,
2023-11-09 17:00:07,"메타 ""정치 광고에 AI 사용 여부 반드시 표기해야…위반 시 삭제""",https://n.news.naver.com/mnews/article/003/0012200376?sid=104,
2023-11-15 14:46:04,[금융포커스] “관치·낙하산 쏟아지나”… 새마을금고 혁신안에 직원들 ‘한숨’,https://n.news.naver.com/mnews/article/366/0000947808?sid=101,
2023-11-13 09:59:01,"이재명 ""尹 거부권 정치 그만둬야할 때""…노봉법·방송법 통과 촉구",https://n.news.naver.com/mnews/article/018/0005618555?sid=100,
2023-11-13 11:47:14,"툰베리 발언 방해 남성 ""정치적 견해 말고 기후 시위""",https://n.news.naver.com/mnews/article/003/0012205358?sid=104,
2023-11-15 10:40:54,"與 만난 오세훈 ""자치권·재정 보장한 단계적 서울편입 필요""",https://n.news.naver.com/mnews/article/001/0014331551?sid=102,
2023-11-10 05:03:08,"그들만의 정치, 巨野의 폭주",https://n.news.naver.com/mnews/article/081/0003407442?sid=100,
2023-11-14 13:43:01,"한동훈 ""민주당, 하루에 한 명씩 탄핵 추진하는 듯""",https://n.news.naver.com/mnews/article/629/0000248981?sid=102,
2023-11-15 08:33:39,김동연 “메가서울은 지방분권 정면 역행…기득권 내려놔야”(종합2보),https://n.news.naver.com/mnews/article/421/0007176282?sid=102,
2023-11-11 11:30:10,"[人사이더] ""싸가지 없이 정치한 게 누군데""… 홍석준 비판에 발끈한 이준석",https://n.news.naver.com/mnews/article/029/0002836267?sid=100,
2023-11-13 19:01:04,"尹 거부권만 남았다... 민주, 노란봉투법·방송3법에 ""거부 정치 그만""",https://n.news.naver.com/mnews/article/469/0000770076?sid=100,
2023-11-14 16:35:49,&lt;게시판&gt; 파리정치대학교 한국총동문회 '개교 150주년' 행사,https://n.news.naver.com/mnews/article/001/0014330343?sid=100,
2023-11-14 06:03:01,‘보수 정부’에서 ‘성소수자 정치’?···“할 수 있죠” 미국 텍사스에서 보는 가능성,https://n.news.naver.com/mnews/article/032/0003261020?sid=102,
2023-11-15 11:06:52,"與 ""野 '아니면 말고 식' 탄핵 남발…정쟁에만 매몰돼""",https://n.news.naver.com/mnews/article/001/0014331734?sid=100,
2023-11-10 11:36:19,장래 대통령감 선호도…이재명 21% 한동훈 13% 이준석 3%[한국갤럽],https://n.news.naver.com/mnews/article/003/0012201466?sid=100,
2023-11-15 09:36:01,"정성호 ""1만원 가진 이원욱, 1억 가진 이재명과 내기하나?""",https://n.news.naver.com/mnews/article/079/0003833748?sid=100,
2023-11-16 05:01:03,[오늘의 주요일정]정치(11월16일 목요일),https://n.news.naver.com/mnews/article/003/0012212136?sid=100,
2023-11-13 12:53:10,"오세훈 만난 구리시장 ""특별자치시로 편입 건의""(종합)",https://n.news.naver.com/mnews/article/001/0014326600?sid=102,
2023-11-14 10:12:03,"한동훈 ""민주당 막말은 나이 문제 아니었다""",https://n.news.naver.com/mnews/article/448/0000436015?sid=100,
2023-11-15 21:03:03,총선 앞둔 정치권 신당 창당설 부상… 강원에선 아직 '잠잠',https://n.news.naver.com/mnews/article/087/0001007230?sid=100,
2023-11-13 17:19:41,"방심위, KBS·MBC·JTBC·YTN에 과징금 총 1억4천만원 부과(종합2보)",https://n.news.naver.com/mnews/article/001/0014327561?sid=102,
2023-11-14 16:04:01,"송영길 전 대표, 한동훈 반격에 ""후진 법무부장관, 수사도 후져""",https://n.news.naver.com/mnews/article/437/0000367026?sid=100,
2023-11-11 12:13:01,"한동훈, 송영길 ‘건방진 놈’ 비난에 ""대한민국 정치 후지게 만들어""",https://n.news.naver.com/mnews/article/088/0000845373?sid=100,
2023-11-13 13:25:01,과학기술계 인사의 정치권 영입이 절실하다,https://n.news.naver.com/mnews/article/092/0002311211?sid=105,
2023-11-10 13:50:09,"금태섭 만난 이준석 ""정치개혁 관심 있는 다양한 분과 대화할 것""",https://n.news.naver.com/mnews/article/003/0012201741?sid=100,
2023-11-15 11:14:12,"[만평] ""우리나라 정치에서 대표적인 기득권자 중 한 명이다""",https://n.news.naver.com/mnews/article/657/0000020305?sid=100,
2023-11-14 19:03:01,박민 KBS 사장 “편파 방송 사과… 중대한 오보 땐 강력 문책”,https://n.news.naver.com/mnews/article/022/0003874948?sid=102,
2023-11-16 00:19:01,[사설] 추락한 정치꾼들 '신분 세탁' 해주는 위성정당제,https://n.news.naver.com/mnews/article/015/0004914655?sid=110,
2023-11-14 08:02:01,"與 인재영입위원 ""미숙함의 의미 '청년 정치'란 말, 쓰지 말자"" [한판승부]",https://n.news.naver.com/mnews/article/079/0003833222?sid=100,
2023-11-13 20:32:31,"박진 외교부 장관, 세계한인정치인포럼 특별연설",https://n.news.naver.com/mnews/article/001/0014328020?sid=100,
2023-11-15 16:09:01,"정의당 ""비례 1·2번 양보 가능""…선거연합정당 동참 제안",https://n.news.naver.com/mnews/article/001/0014332984?sid=100,
2023-11-16 04:31:58,"내년 총선, 조국·추미애와 친윤세력 모두 움직일까 [청·토·배(청년정치, 토크배틀)]",https://n.news.naver.com/mnews/article/469/0000770513?sid=110,
2023-11-13 15:10:42,"분주한 與 혁신위...박성민 ""인요한 자기정치 하는 중"", 신주호 ""당과 속도 조절 필요""",https://n.news.naver.com/mnews/article/052/0001959351?sid=100,
2023-11-13 20:31:43,제9차 세계한인정치인포럼 개회사하는 연아 마틴 의원,https://n.news.naver.com/mnews/article/001/0014328017?sid=100,
2023-11-15 09:44:49,"이준석 ""與혁신위, 한동훈 등판용 카펫‥김기현 2주 내 쫓겨난다""",https://n.news.naver.com/mnews/article/214/0001311973?sid=100,
2023-11-08 20:42:06,"검찰, '정치자금법 위반' 소환 불응에 수감중인 이화영 체포조사",https://n.news.naver.com/mnews/article/001/0014318409?sid=102,
2023-11-12 10:58:05,"""정치 실종시대"" 광주시의원 작심비판, 정가 술렁",https://n.news.naver.com/mnews/article/003/0012203912?sid=102,
2023-11-15 18:23:01,"[사설] “어린놈” “후지게” “금수” “쓰레기”, 정치인·장관이 할 말인가",https://n.news.naver.com/mnews/article/028/0002664723?sid=110,
2023-11-14 15:41:01,서로 “후지다” 비난… 송영길·한동훈 계속되는 설전,https://n.news.naver.com/mnews/article/081/0003408542?sid=100,
2023-11-15 23:39:02,"민주당 의원 30명, '위성정당 방지법' 당론 추진 촉구",https://n.news.naver.com/mnews/article/052/0001960594?sid=100,
2023-11-15 09:53:01,탄력 붙는 ‘1기 신도시법’…희망고문·인구 블랙홀·상권 붕괴 과제로 [이런정치],https://n.news.naver.com/mnews/article/016/0002224908?sid=100,
2023-11-14 11:19:01,"천하람 ""이준석, 신당에 정치 인생 걸었다…최대한 힘 보탤 생각""",https://n.news.naver.com/mnews/article/123/0002320597?sid=100,
2023-11-15 14:04:07,"‘한동훈’, ‘너’, ‘구토났다’…유정주 “불편했던 분들 죄송” SNS로 사과",https://n.news.naver.com/mnews/article/081/0003408836?sid=100,
2023-11-15 16:20:01,"류호정, 송영길 '어린놈' 발언에 ""인간이 좀 덜 된 것 아닌가""",https://n.news.naver.com/mnews/article/052/0001960427?sid=100,
2023.11.15. 오후 1:53,"
			'서울의 봄' 감독 ""황정민, 정치적으로 쉽지 않았을 텐데 전두광 선택해줘 감동"" [인터뷰①]
		",https://n.news.naver.com/mnews/article/117/0003787985?sid=106,
2023-11-14 10:54:21,"[정치쇼] 송영길 ""비례 신당 고민 중…조국 · 이준석에도 열려있어""",https://n.news.naver.com/mnews/article/055/0001105683?sid=100,
2023-11-15 15:49:05,"방심위 억대 과징금에 들끓는 언론계 ""괘씸죄 아니냐""",https://n.news.naver.com/mnews/article/079/0003834054?sid=102,
2023-11-15 16:25:17,포스코 미래기술연구원 성남 분원 설립 확정…포항 각계 반발,https://n.news.naver.com/mnews/article/001/0014333063?sid=101,
2023-11-14 17:22:09,"최진식 ""중견기업 금융 지원 늘려야…정책 패키지 필요""",https://n.news.naver.com/mnews/article/003/0012209268?sid=101,
2023-11-15 09:36:03,"""개딸을 개딸이라 못 불러"" 이원욱, 박지원 비판",https://n.news.naver.com/mnews/article/014/0005100983?sid=100,
2023-11-15 15:58:01,"윤영석 ""양산·부산 통합, 정치권 일방 결정 안돼""… ""시민 의견 최우선해야""",https://n.news.naver.com/mnews/article/047/0002412803?sid=100,
2023-11-11 19:07:47,"송영길-한동훈 '설전'…""건방지다""↔""정치 후지게 만들어""",https://n.news.naver.com/mnews/article/448/0000435738?sid=102,
2023-11-11 02:39:26,"英 정치권 '팔 지지 시위' 소용돌이로…""주말 일부 구간 금지""",https://n.news.naver.com/mnews/article/001/0014323667?sid=104,
2023-11-15 19:49:57,"""1기 신도시특별법"", 총선 앞두고 여야 갑자기 속도전",https://n.news.naver.com/mnews/article/214/0001312200?sid=100,
2023-11-13 10:54:01,"민형배 ""정치를 후지게 한 건 한동훈 같은 XX들…존재 자체가 후져""",https://n.news.naver.com/mnews/article/656/0000069119?sid=100,
2023-11-13 15:50:01,"일본 33세 최연소 여성 시장 탄생···“지적장애 동생, 부모님 고생 보며 정치에 뜻”",https://n.news.naver.com/mnews/article/032/0003260885?sid=104,
2023-11-15 17:53:26,"검찰, '전 채널A 기자 명예훼손' 최강욱에 징역 10개월 구형",https://n.news.naver.com/mnews/article/057/0001780916?sid=102,
2023-11-06 10:18:09,"국힘 소속 유정복 인천시장 ""김포 서울 편입은 정치쇼""",https://n.news.naver.com/mnews/article/001/0014311145?sid=102,
2023-11-14 17:11:07,"野, 금융사 초과이익 환수하는 '횡재세' 법안 발의",https://n.news.naver.com/mnews/article/018/0005619761?sid=100,
2023-11-14 15:07:44,"[더정치] 인요한 ""중진 움직일 것 100% 확신""...송영길 ""조국·이준석과 연대 가능""",https://n.news.naver.com/mnews/article/052/0001959831?sid=100,
2023-11-11 12:34:00,"송영길 ""건방진 놈"" 비난에 한동훈 ""정치 수십년간 후지게 만들어 와""",https://n.news.naver.com/mnews/article/002/0002307474?sid=100,
2023-11-06 13:22:59,"김동연 ""'김포 서울 편입은 정치쇼' 유정복, 옳은 말 했다""",https://n.news.naver.com/mnews/article/001/0014311647?sid=100,
2023-11-13 16:50:06,[World &amp; Now] 美 신용전망 깎아내린 정치,https://n.news.naver.com/mnews/article/009/0005214167?sid=110,
2023-11-13 14:00:01,"오현정 박사, ‘좋은 정치’ 북콘서트 열고 본격 행보",https://n.news.naver.com/mnews/article/144/0000925048?sid=103,
2023-11-13 13:38:01,툰베리 ‘팔’ 지지 연설하다 마이크 빼앗겨…“정치 말고 기후시위”,https://n.news.naver.com/mnews/article/005/0001651611?sid=104,
2023-11-13 11:08:41,"이재명 ""尹, 방송3법 즉각 수용해야...거부 정치 그만""",https://n.news.naver.com/mnews/article/052/0001959192?sid=100,
2023-11-14 09:55:01,與혁신위 ‘해체’ 검토에도 ‘싸늘’한 중진들…“때가 아니다” [이런정치],https://n.news.naver.com/mnews/article/016/0002224284?sid=100,
2023-11-14 19:11:01,"민주, 윤 대통령에 '이원석 해임' 촉구 ""중립의무 위반""",https://n.news.naver.com/mnews/article/057/0001780687?sid=100,
2023-11-13 17:15:01,홍준표 “정치 기본도 모르면서”…신평 “법조계에선 내가 선배” 설전,https://n.news.naver.com/mnews/article/018/0005618964?sid=100,
2023-11-15 11:49:29,"ICC 소장 ""가석방 없는 종신형, 고문이란 의견도…정답은 없어""",https://n.news.naver.com/mnews/article/001/0014331975?sid=102,
2023-11-15 20:04:03,"이상민, 국민의힘 입당 가능성 ""배제 안 해""…친명 ""탈당 명분쌓기""",https://n.news.naver.com/mnews/article/422/0000629524?sid=100,
2023-11-15 13:51:09,"이준석 ""한동훈 거취 결정된 듯…비대위원장 가능성""",https://n.news.naver.com/mnews/article/277/0005341150?sid=100,
2023-11-15 12:39:31,"검찰, '채널A 기자 명예훼손' 최강욱 항소심서도 징역 10개월 구형",https://n.news.naver.com/mnews/article/421/0007177467?sid=102,
2023-11-13 14:31:29,"윤재옥 ""이동관 탄핵안 철회, 법 위반…민주 몰염치 정치 심판받을 것""",https://n.news.naver.com/mnews/article/421/0007171948?sid=100,
2023-11-16 04:31:15,"""표 잃을라"" 구조개혁 뒷전... 총선에 갇힌 '성장률 3%' 격돌",https://n.news.naver.com/mnews/article/469/0000770495?sid=101,
2023-11-10 14:55:03,"""총선용 정치쇼"" ""지역소멸 가속"" 세종시민단체 '메가서울론' 맹공",https://n.news.naver.com/mnews/article/003/0012201887?sid=102,
2023-11-14 19:08:05,‘어린놈’ 이어 ‘금수’까지…한동훈 향한 野 막말 릴레이,https://n.news.naver.com/mnews/article/020/0003531138?sid=100,
2023-11-12 17:21:01,율사 아니면 투사 … 기성 여의도 정치인과 친분이 공천 좌우,https://n.news.naver.com/mnews/article/009/0005213642?sid=100,
2023-11-09 11:18:08,"국힘, 시대전환 흡수합당 투표 시작…김기현 ""정치 기본은 연대·포용""",https://n.news.naver.com/mnews/article/014/0005098382?sid=100,
2023-11-13 11:24:09,"`송영길-한동훈 다툼`에 합류한 민형배 ""단언컨대 정치 후지게 한 건 한동훈""",https://n.news.naver.com/mnews/article/029/0002836567?sid=100,
2023-11-14 20:18:01,"이상휘 전 춘추관장, 포항남·울릉 출마 선언",https://n.news.naver.com/mnews/article/031/0000788157?sid=102,
2023-11-15 11:19:01,"한동훈을 ‘너’라 불렀던 野 유정주, “혐오 어휘 하지 않기로 해요” 돌발 제안",https://n.news.naver.com/mnews/article/022/0003875187?sid=100,
2023-11-13 19:49:01,"노란봉투법·방송3법 ""거부권 건의"" vs ""거부정치 그만""",https://n.news.naver.com/mnews/article/422/0000629117?sid=100,
2023-11-12 17:01:01,檢 압박강도 높이는 민주..총선前 '탄핵정치' 通할까,https://n.news.naver.com/mnews/article/014/0005099446?sid=100,
2023-11-14 10:08:01,"이원욱 ""이재명 험지 출마해야…고향 안동이 최적격""",https://n.news.naver.com/mnews/article/002/0002307749?sid=100,
2023-11-14 09:48:19,"험지 출마 거부한 장제원 ""알량한 정치인생 연장하며 서울 가지 않겠다""",https://n.news.naver.com/mnews/article/057/0001780539?sid=100,
2023-11-14 18:09:01,"“건방진 X, 후지다, 금수, 구토”···민주당 독설 먹고 크는 한동훈",https://n.news.naver.com/mnews/article/032/0003261183?sid=100,
2023-11-15 17:11:04,"정의당, 선거연합정당 제안 ""당명도 비례상위도 내려놓겠다""",https://n.news.naver.com/mnews/article/003/0012211770?sid=100,
2023-11-11 23:41:14,"한동훈, 송영길에 반박...""정치 후지게 만들어 와""",https://n.news.naver.com/mnews/article/052/0001958763?sid=102,
2023-11-15 16:38:10,"박주민, 대통령실 이전 의혹 감사 연장에 ""대통령 눈치 보느라 독립성 잃어""",https://n.news.naver.com/mnews/article/003/0012211652?sid=100,
2023-11-13 14:47:03,與 “尹의 ‘노란봉투법·방송 3법’ 거부권 건의”…野 겨냥 “정치인은 국민 이길 수 없어”,https://n.news.naver.com/mnews/article/022/0003874423?sid=100,
2023-11-14 06:32:17,"북한, 지방선거 선전활동 '총력'…""중요한 정치적 사업""",https://n.news.naver.com/mnews/article/421/0007173593?sid=100,
2023-11-14 15:23:01,"""실패하면 사임하라"" 총리 직선제 개헌에 '정치생명' 건 이탈리아 총리",https://n.news.naver.com/mnews/article/469/0000770211?sid=104,
2023-11-14 15:27:01,‘이런 일은 처음이야~’…우리나라 정치인이 사인공세를 받다니?,https://n.news.naver.com/mnews/article/016/0002224606?sid=100,
2023-11-13 19:44:10,"인요한 요구 거부한 장제원 ""알량한 정치인생 연장하면서 서울 가지 않겠다""",https://n.news.naver.com/mnews/article/029/0002836767?sid=100,
2023-11-15 06:01:04,尹 공약 '노후신도시 재생 특별법' 연내 처리되나…여야 '공감대',https://n.news.naver.com/mnews/article/119/0002769110?sid=100,
2023-11-15 23:50:01,“팩트체크는 합리적이고 평범한 독자를 겨냥해야 한다”,https://n.news.naver.com/mnews/article/016/0002225350?sid=102,
2023-11-13 20:32:24,만찬사하는 이기철 재외동포청장,https://n.news.naver.com/mnews/article/001/0014328019?sid=100,
2023-11-10 07:33:34,미국에서 정치인·기업인 성매매 알선한 한국인들 체포,https://n.news.naver.com/mnews/article/055/0001104682?sid=104,
2023-11-12 12:40:02,"송영길 ""건방진 놈"" 비난에… 한동훈 “정치 수십 년간 후지게 만들어”",https://n.news.naver.com/mnews/article/022/0003874063?sid=100,
2023-11-13 14:15:01,이준석 “국민의힘이 총선 진다고 내 탓 하면 양심 없어… 누가 그렇게 정치하랬나”,https://n.news.naver.com/mnews/article/022/0003874413?sid=100,
2023-11-15 19:00:01,"""꼭 처리하겠다"" 공언해놓고…로톡법 소위에도 안올린 野",https://n.news.naver.com/mnews/article/015/0004914583?sid=100,
2023-11-09 16:21:03,"MZ노조, 민노총 파업 강행에 ""명백한 정치 파업""",https://n.news.naver.com/mnews/article/448/0000435492?sid=102,
2023-11-15 00:43:35,"[정운찬 칼럼] 공동체의 위기, 대통령의 정치 리더십이 절실하다",https://n.news.naver.com/mnews/article/025/0003321610?sid=110,
2023-11-09 17:52:05,'거대 야당 폭주' 노란봉투법·방송3법 통과…경제·민생 없이 정치적 셈법만,https://n.news.naver.com/mnews/article/088/0000845168?sid=100,
2023-11-14 16:19:04,‘무슬림→무신론→크리스천’…정치인이 결국 기독교를 택한 까닭은?,https://n.news.naver.com/mnews/article/005/0001652017?sid=103,
2023-11-07 15:25:01,"""답은 연합정치"" 이탄희 위성정당 방지법 발의",https://n.news.naver.com/mnews/article/047/0002411908?sid=100,
2023-11-06 16:16:53,"유정복 인천시장 ""김포 서울 편입, 정치쇼""…與지도부 '불쾌'(종합)",https://n.news.naver.com/mnews/article/001/0014312374?sid=102,
2023-11-08 20:56:09,"검찰, 소환 불응한 이화영 전 부지사 체포조사…정치자금법 위반 혐의",https://n.news.naver.com/mnews/article/003/0012197719?sid=102,
2023-11-14 14:40:01,"허용복 경남도의원 ""경남, 정치혁명 발원지로 거듭나야""",https://n.news.naver.com/mnews/article/002/0002307805?sid=102,
2023-11-15 18:16:07,"""조국 신당도 동색 아닌가""…돌연 '준연동형 사수' 튼 민주당",https://n.news.naver.com/mnews/article/025/0003321806?sid=100,
2023-11-11 11:26:01,"이준석, ""윤핵관 하수인 돼 싸가지 없게 정치한 인물들 분석 하겠다""…대구 초선의원 직격",https://n.news.naver.com/mnews/article/087/0001006060?sid=100,
2023-11-14 14:31:07,한동훈의 반격 “민주당에 위헌정당심판 청구하면 어떻겠냐”,https://n.news.naver.com/mnews/article/009/0005214677?sid=102,
2023-11-11 15:45:01,아베가 통일교?…잇따라 유포되는 '日정치인' AI가짜 영상,https://n.news.naver.com/mnews/article/374/0000358374?sid=104,
2023-11-15 17:17:25,"""재선 갈길 바쁜 바이든, 시진핑과 '관계 안정화' 모색""",https://n.news.naver.com/mnews/article/001/0014333324?sid=104,
2023-11-08 17:22:04,쿠팡 노조가 민노총 탈퇴한 이유? 과로사 논쟁과 정치 집회,https://n.news.naver.com/mnews/article/366/0000946080?sid=102,
2023-11-14 10:09:01,사법리스크 재점화-비명계 세력화…안팎 수세 몰린 ‘李 리더십’ [이런정치],https://n.news.naver.com/mnews/article/016/0002224305?sid=100,
2023-11-13 18:17:03,[중앙로365] 국민의힘의 이상한 포퓰리즘 정치,https://n.news.naver.com/mnews/article/082/0001241478?sid=110,
2023-11-13 16:01:01,[커버스토리] '메가 서울' 구상이 지핀 선거의 정치경제학,https://n.news.naver.com/mnews/article/015/0004913453?sid=101,
2023-11-15 15:52:35,"김준우 정의당 비대위원장 ""이준석 신당과는 연합할 수 없다""",https://n.news.naver.com/mnews/article/421/0007178202?sid=100,
2023-11-14 13:35:03,"한동훈 직격한 송영길 ""이렇게 후지게 하는 법무장관은 처음""",https://n.news.naver.com/mnews/article/011/0004261152?sid=100,
2023-11-13 12:19:11,"오세훈, 김포 이어 구리시장 면담…'메가 서울' 논의 계속",https://n.news.naver.com/mnews/article/001/0014326556?sid=102,
2023-11-14 19:36:01,[사설]감정 분출하는 정치인·공직자 막말 자중해야,https://n.news.naver.com/mnews/article/032/0003261192?sid=110,
2023-11-14 11:18:06,송영길 “비례정당 출마 고심”…조국과 연대 가능성도 시사,https://n.news.naver.com/mnews/article/020/0003531056?sid=100,
2023-11-09 06:00:40,"美대선 앞두고 메타 ""정치광고에 AI 사용 공개 의무화""",https://n.news.naver.com/mnews/article/277/0005338062?sid=101,
2023-11-12 19:06:03,"""이런 세금 매기는 나라는 한국뿐""…정치권까지 나섰다",https://n.news.naver.com/mnews/article/015/0004913154?sid=101,
2023-11-14 03:15:01,[사설] 국민 국회 농락한 ‘위장 탈당’ 의원이 내로남불 정치 훈계,https://n.news.naver.com/mnews/article/023/0003798999?sid=110,
2023-11-08 16:43:36,"""정치 쇼"", ""우리도 행정통합""…與 단체장들, '메가서울' 온도차",https://n.news.naver.com/mnews/article/001/0014317848?sid=102,
2023-11-08 14:32:17,"민주 ""검찰, 괴롭히기식 참고인 소환 또 시작…증언만들기 시도""",https://n.news.naver.com/mnews/article/003/0012196367?sid=100,
2023-11-12 16:13:01,"한동훈, 송영길 두고 ""수십년간 대한민국 정치 후지게 만들어""",https://n.news.naver.com/mnews/article/079/0003832743?sid=102,
2023-11-09 17:42:08,"민주당, 손준성·이정섭 탄핵 추진…대검 ""정치적 의도, 법치주의 파괴"" 강력 비판",https://n.news.naver.com/mnews/article/014/0005098665?sid=102,
2023-11-08 23:14:38,"검찰, 구속 중인 이화영 체포영장 집행…'정치자금법 위반' 조사",https://n.news.naver.com/mnews/article/421/0007163632?sid=102,
2023-11-07 13:24:04,"윤 대통령 ""가짜뉴스 추방 운동, 인권·민주 정치 지켜 줄 것""",https://n.news.naver.com/mnews/article/214/0001310258?sid=100,
2023-11-15 17:06:57,"정의당 ""비례 1·2번 양보 가능""…선거연합정당 동참 제안",https://n.news.naver.com/mnews/article/055/0001106151?sid=100,
2023-11-14 12:39:01,"송영길, 한동훈에 ""이렇게 후지게 하는 법무부 장관은 처음""",https://n.news.naver.com/mnews/article/088/0000845835?sid=100,
2023-11-13 08:22:21,"[이슈분석] 송영길-한동훈 '충돌'…""어린 X"" ↔ ""정치 후지게 해""",https://n.news.naver.com/mnews/article/448/0000435828?sid=100,
2023-11-11 13:54:01,"한동훈, 송영길 '건방진놈' 발언에 ""대한민국 정치 후지게 만든 장본인""",https://n.news.naver.com/mnews/article/656/0000068968?sid=100,
2023-11-09 18:25:01,36년 만에… '공영방송 정치독립법'이 탄생했다,https://n.news.naver.com/mnews/article/006/0000120740?sid=102,
2023-11-15 17:56:01,"인요한 ""대통령 측에서 '소신껏 거침없이 하라'는 신호 와""",https://n.news.naver.com/mnews/article/437/0000367203?sid=100,
2023-11-14 10:11:21,"[정치쇼] 이정식 고용노동부 장관 ""52시간제 틀 유지, 판단 근거는…""",https://n.news.naver.com/mnews/article/055/0001105665?sid=100,
2023-11-14 11:51:59,"광주 찾은 김동연 ""김포 서울편입은 지방 죽이기""",https://n.news.naver.com/mnews/article/001/0014329344?sid=102,
2023-11-09 18:20:01,"조국, 평산마을서 文과 포옹…‘출마할 결심’?[이런정치]",https://n.news.naver.com/mnews/article/016/0002222683?sid=100,
2023-11-14 01:13:01,"국힘 혁신위, ‘중진·친윤 결단’ 무응답에 “조기 해산할 수도”",https://n.news.naver.com/mnews/article/028/0002664423?sid=100,
2023-11-15 10:27:01,"이준석 ""한동훈, 거취 결정된 듯…김기현 조만간 쫓겨난다""",https://n.news.naver.com/mnews/article/011/0004261604?sid=100,
2023-11-15 13:09:01,"류호정, 송영길 ‘어린놈’ 발언에 “인간이 덜된 듯…꼰대도 저러진 않아”",https://n.news.naver.com/mnews/article/020/0003531313?sid=100,
2023-11-14 11:27:35,"송영길 ""총선, 비례정당 출마 고민…조국과 도모할 수도""",https://n.news.naver.com/mnews/article/057/0001780588?sid=100,
2023-11-15 15:20:01,"한동훈 판정승?… 존재감 키워줄라, 말싸움 자제하는 민주",https://n.news.naver.com/mnews/article/009/0005215362?sid=100,
2023-11-14 14:27:26,"이상휘 전 춘추관장, 포항남구·울릉 총선 출마 선언",https://n.news.naver.com/mnews/article/001/0014329736?sid=100,
2023-11-13 13:11:01,한나 아렌트의 말에서 찾은 정치할 이유,https://n.news.naver.com/mnews/article/047/0002412504?sid=103,
2023-11-11 07:12:01,"보폭 넓히는 조국, 총선 출마 신호탄? [이런정치]",https://n.news.naver.com/mnews/article/016/0002223225?sid=100,
2023-11-08 20:50:49,"檢, 이화영 구치소서 체포 조사…'정치자금법 위반' 소환 불응",https://n.news.naver.com/mnews/article/025/0003320213?sid=102,
2023-11-12 17:52:06,[신간] 감정의 문화정치,https://n.news.naver.com/mnews/article/003/0012204359?sid=103,
2023-11-14 12:21:48,이상휘 전 춘추관장 총선 포항남·울릉 출마 선언,https://n.news.naver.com/mnews/article/421/0007174701?sid=102,
2023-11-13 13:57:19,'공천 대가 금품수수 의혹' 이상헌 의원 검찰 송치,https://n.news.naver.com/mnews/article/003/0012205715?sid=102,
2023-11-15 10:04:38,"이스라엘 고위 소식통 ""인질협상 진전…48∼72시간 내 돌파구""",https://n.news.naver.com/mnews/article/001/0014331366?sid=102,
2023-11-08 10:39:03,"""정치적 활동만 집중""…'뿔난' 쿠팡 노조, 민노총 탈퇴",https://n.news.naver.com/mnews/article/079/0003831340?sid=101,
2023-11-14 05:01:09,[오늘의 주요일정]정치(11월14일 화요일),https://n.news.naver.com/mnews/article/003/0012207163?sid=100,
2023-11-15 14:58:03,"“꼰대 중에도 흔치 않은데…” 류호정, ‘어린놈’ 송영길 발언 저격",https://n.news.naver.com/mnews/article/018/0005620389?sid=100,
2023-11-13 23:03:21,'편입' 의견 수렴은 어떻게?...복잡한 정치 셈법,https://n.news.naver.com/mnews/article/052/0001959541?sid=100,
2023-11-13 17:53:03,"노란봉투법·방송3법 입법 전쟁…""거부권 행사를"" vs ""거부 정치 그만""",https://n.news.naver.com/mnews/article/437/0000366883?sid=100,
2023-11-07 16:17:09,"尹 ""가짜뉴스 추방이 민주정치 지킬 것""...7개월 만에 대구 방문",https://n.news.naver.com/mnews/article/052/0001956820?sid=100,
2023-11-14 12:03:02,"민주 ""尹, 이원석 검찰총장 해임해야...탄핵안은 논의한 적 없어""",https://n.news.naver.com/mnews/article/629/0000248962?sid=100,
2023-11-14 16:05:09,"한동훈 ""민주당, 위헌정당심판청구 당하면 어떻겠나""",https://n.news.naver.com/mnews/article/029/0002836963?sid=100,
2023-11-08 18:27:50,"주호영 ""서울 안 간다…대구서 정치 시작했으면 대구서 마치는 것""",https://n.news.naver.com/mnews/article/421/0007163139?sid=100,
2023-11-14 08:25:01,韓美 등 46개국 “군사 AI 기술 책임감 있게 활용” 선언,https://n.news.naver.com/mnews/article/366/0000947275?sid=104,
2023-11-15 03:01:26,"“어린 넘도 아닌 너” “금수”… 野, 한동훈에 막말 릴레이",https://n.news.naver.com/mnews/article/020/0003531174?sid=100,
2023-11-10 15:04:01,금태섭 만난 이준석 “‘정치 개혁’ 대화”…김종인 “두 사람 함께 할 수밖에”,https://n.news.naver.com/mnews/article/020/0003530463?sid=100,
2023-11-13 16:05:00,"손준성 ""野 탄핵 의도 묻고 싶다...정치 공세에 의연히 대처""",https://n.news.naver.com/mnews/article/052/0001959372?sid=102,
2023-11-13 10:17:01,조국-송영길 ‘들썩’…민주당 딜레마 [이런정치],https://n.news.naver.com/mnews/article/016/0002223702?sid=100,
2023-11-10 22:36:06,"[이·팔 전쟁] 자치정부 수반 ""가자 다시 통치할 용의…정치적 해결책 있다면""",https://n.news.naver.com/mnews/article/001/0014323574?sid=104,
2023-11-14 15:39:10,"""김건희 악마화로 득보는 전략""…민주당 의원들 고발당해",https://n.news.naver.com/mnews/article/003/0012208923?sid=102,
2023-11-15 01:06:18,라이베리아 대선 결선투표…현 대통령-전 부통령 재격돌(종합),https://n.news.naver.com/mnews/article/001/0014330802?sid=104,
2023-11-14 17:43:01,"김제홍 전 강릉영동대 총장 “내년 총선, 청주청원구 출마”",https://n.news.naver.com/mnews/article/031/0000788113?sid=102,
2023-11-14 11:53:34,"[특집 1라디오 오늘] 이언주 “이준석 영남 공략, 의미있는 전략…정치 교체돼야”",https://n.news.naver.com/mnews/article/056/0011601846?sid=100,
2023-11-15 15:09:06,"‘자유, 인권 그리고 민주주의'…한신대, 17일 학술회의",https://n.news.naver.com/mnews/article/003/0012211313?sid=102,
2023-11-11 05:01:09,정치권 시끌 '메가시티'→'초광역도시'[우리말로 하자㉕],https://n.news.naver.com/mnews/article/003/0012202963?sid=103,
2023-11-14 15:09:01,"민주 검찰총장 탄핵 '소동'…한동훈 ""위헌정당심판 청구 어떻겠나""",https://n.news.naver.com/mnews/article/079/0003833495?sid=102,
2023-11-14 16:58:01,인요한 “BTS 왜 군대에 보내? 면제 해줘야”…이미 입대한 멤버도 혜택 가능,https://n.news.naver.com/mnews/article/009/0005214838?sid=100,
2023-11-15 16:10:01,"'명석열·한동훈남'…'윤버지' 이은 MZ세대 '유행어' 시끌시끌, 왜?",https://n.news.naver.com/mnews/article/011/0004261844?sid=102,
2023-11-11 11:28:01,기시다 이어 아베·스가까지…日 'AI 정치인 가짜 동영상' 유포 논란 확산,https://n.news.naver.com/mnews/article/018/0005617321?sid=101,
2023-11-13 18:41:03,김기현 “노란봉투법 등 거부권 건의”…이재명 “거부정치 그만”,https://n.news.naver.com/mnews/article/028/0002664395?sid=100,
2023-11-15 05:03:16,인요한의 거침없는 통합 행보… 與 내부 “사실상 비대위원장”,https://n.news.naver.com/mnews/article/081/0003408658?sid=100,
2023.11.14. 오전 8:03,"
			인요한 ""방탄소년단 남은 멤버라도 군 면제 해야""…정치권 發 논쟁, 또 시작되나 [MD이슈]
		",https://n.news.naver.com/mnews/article/117/0003787579?sid=106,
2023-11-13 11:30:01,"한국의희망 ""특권 없는 정치, 부패 없는 사회 열어갈 것""",https://n.news.naver.com/mnews/article/018/0005618683?sid=100,
2023-11-15 09:22:03,경제관료 출신 5선 의원… “수많은 사람과 대화하는 정치가 제일 힘들어”[파워인터뷰],https://n.news.naver.com/mnews/article/021/0002605146?sid=100,
2023-11-11 13:23:01,한동훈 “송영길 같은 일부 운동권이 대한민국 정치 후지게 해”,https://n.news.naver.com/mnews/article/366/0000946814?sid=102,
2023-11-14 10:43:01,"홍익표 ""박민 KBS 사장, 취임부터 군사쿠데타 방불… 지금이라도 그만둬야""",https://n.news.naver.com/mnews/article/022/0003874749?sid=100,
2023-11-16 03:02:22,‘승진청탁 브로커’ 연루 의혹 前치안감 숨진채 발견,https://n.news.naver.com/mnews/article/020/0003531429?sid=102,
2023-11-11 00:57:01,[천자칼럼] '증시 불개미' vs '정치 개딸',https://n.news.naver.com/mnews/article/015/0004912920?sid=110,
2023-11-15 16:51:08,"[영상] ""인질협상 48∼72시간 내 돌파구""…가자 병원 아래 인질 흔적",https://n.news.naver.com/mnews/article/001/0014333174?sid=104,
2023-11-15 14:56:33,"[뉴스외전 정치 맞수다] 인요한 ""'소신껏 하라' 신호왔다""‥김기현 ""총선은 종합예술""",https://n.news.naver.com/mnews/article/214/0001312151?sid=100,
2023-11-14 07:01:05,"""어린 놈"" ""어이없는 XX""…민주, 한동훈 향한 거친 입에 '노심초사'",https://n.news.naver.com/mnews/article/003/0012207231?sid=100,
2023-11-13 13:35:50,"[씨박스] 송영길 ""건방진 X"" ↔  한동훈 ""후진 정치""",https://n.news.naver.com/mnews/article/448/0000435870?sid=100,
2023-11-09 17:31:13,"대검 ""민주당 검사 탄핵, 정치적 의도…법치주의 파괴""",https://n.news.naver.com/mnews/article/003/0012200459?sid=102,
2023-11-14 15:09:31,"이상휘 전 춘추관장, 총선 포항남·울릉 출마선언",https://n.news.naver.com/mnews/article/003/0012208772?sid=102,
2023-11-13 05:00:00,"[오늘의 주요일정] 정치·정부(13일, 월)",https://n.news.naver.com/mnews/article/421/0007170396?sid=100,
2023-11-06 10:21:01,"조국 총선 출마 첫 시사 ""정치적 방식도 시민 권리""",https://n.news.naver.com/mnews/article/047/0002411711?sid=100,
2023-11-10 14:01:01,위기 때마다 찾아가는 尹의 'TK 시장 정치',https://n.news.naver.com/mnews/article/053/0000039510?sid=100,
2023-11-14 07:48:03,"이종석 ""헌재 신뢰는 정치적 중립성·독립성으로""",https://n.news.naver.com/mnews/article/422/0000629195?sid=102,
2023-11-15 00:11:15,[view] “이원석·검사 넷 탄핵” 거야의 끝모를 폭주,https://n.news.naver.com/mnews/article/025/0003321594?sid=100,
2023-11-14 22:13:01,"尹도 김기현도... 여권의 '박정희 띄우기', 이유는",https://n.news.naver.com/mnews/article/053/0000039591?sid=100,
2023-11-15 15:37:02,"경찰 폭행해도, 음주운전해도 끄떡없는 '방탄 외교관', 이래도 되나요?",https://n.news.naver.com/mnews/article/014/0005101273?sid=102,
2023-11-15 12:43:01,"이준석 ""선당후사 요구? 윤핵관 쓸려나가면 이제 호소인들 차례""",https://n.news.naver.com/mnews/article/088/0000846079?sid=100,
2023-11-15 18:15:01,[노컷브이]한동훈 아내의 첫 공개활동…남편의 대답은?,https://n.news.naver.com/mnews/article/079/0003834157?sid=100,
2023-11-14 23:00:00,"[세컷칼럼] 부상하는 잘파, 소멸하는 한국",https://n.news.naver.com/mnews/article/025/0003321543?sid=110,
2023-11-15 16:27:02,"합천군, 옥전고분군 세계유산 등재 기념행사 개최",https://n.news.naver.com/mnews/article/629/0000249309?sid=102,
2023-11-15 09:49:03,이재명은 ‘대선 약속’ 지킬까? 친명·비명 함께 ‘위성정당 방지법’ 당론 촉구,https://n.news.naver.com/mnews/article/016/0002224904?sid=100,
2023-11-15 19:01:01,"인요한에 '부글부글'…조해진 ""중진들, '정계 은퇴'하란 걸로 받아들인 듯""",https://n.news.naver.com/mnews/article/002/0002308053?sid=100,
2023-11-15 13:54:07,"류호정, 송영길 `어린놈` 발언에 ""인간이 덜 된 것 아닌가""",https://n.news.naver.com/mnews/article/029/0002837186?sid=100,
2023-11-15 18:43:01,박용진 “‘실패한 도전’의 가치 잃지 않겠다” 연설모음집 발간,https://n.news.naver.com/mnews/article/081/0003408978?sid=100,
2023-11-13 12:51:02,"“어이없는 XX네”… 한동훈 겨냥, 이번엔 민형배 의원 폭언",https://n.news.naver.com/mnews/article/005/0001651602?sid=100,
2023-11-06 11:29:01,유정복 인천시장 “김포시 서울 편입 주장은 정치공학적 포퓰리즘”,https://n.news.naver.com/mnews/article/023/0003797493?sid=102,
2023-11-16 04:42:01,시진핑 9번째 방미...32세 中허베이성 관료서 70세 3연임 주석으로[바이든-시진핑 정상회담],https://n.news.naver.com/mnews/article/009/0005215712?sid=104,
2023-11-09 14:01:21,"이준석·금태섭, 10일 회동…'정치 멘토' 김종인도 동석",https://n.news.naver.com/mnews/article/003/0012199409?sid=100,
2023-11-14 13:18:05,"송영길, 한동훈 직격 ""이렇게 후지게 하는 법무장관은 처음""",https://n.news.naver.com/mnews/article/654/0000057593?sid=100,
2023-11-14 16:49:04,김제홍 전 영동대 총장 청주 청원 총선 출마 선언,https://n.news.naver.com/mnews/article/003/0012209161?sid=102,
2023-11-14 11:05:05,"광주 찾은 김동연 경기도지사, 강기정 시장과 국밥 회동 [뉴시스Pic]",https://n.news.naver.com/mnews/article/003/0012207925?sid=100,
2023-11-14 17:45:01,[단독]野 '횡재세'까지 부수법안 지정신청…정치권 세법공세에 예산통과 초비상,https://n.news.naver.com/mnews/article/011/0004261381?sid=101,
2023-11-12 14:02:04,"박정하 ""방탄 탄핵 밀어붙이는 민주당식 정치 꼼수 끝이 없어""",https://n.news.naver.com/mnews/article/654/0000057357?sid=100,
2023-11-14 03:02:15,"尹, ‘노란봉투법’ 이르면 28일 거부권 행사할듯",https://n.news.naver.com/mnews/article/020/0003530927?sid=100,
2023-11-08 12:04:36,"'이준석 유튜브' 유료 멤버십 제동‥선관위 ""정치자금법 위반 소지""",https://n.news.naver.com/mnews/article/214/0001310491?sid=100,
2023-11-14 14:23:52,"송영길, 한동훈 향한 막말 논란에 ""분노 안 쌓일 수 없어""",https://n.news.naver.com/mnews/article/214/0001311771?sid=100,
2023-11-06 10:31:03,조국 “정치적 방식 명예회복 길 찾을 수도”…총선 출마 시사,https://n.news.naver.com/mnews/article/028/0002663273?sid=100,
2023-11-13 11:12:01,"금태섭 ""이준석, 차이 많은데 얘기 통해…정치권 지각변동 생길 것""",https://n.news.naver.com/mnews/article/123/0002320491?sid=100,
2023-11-08 18:58:03,서울지하철 '정치파업'에 반기 든 MZ노조,https://n.news.naver.com/mnews/article/015/0004911939?sid=103,
2023-11-06 13:55:01,"국힘 유정복 인천시장 ""김포 서울 편입은 포퓰리즘 정치쇼""",https://n.news.naver.com/mnews/article/015/0004910753?sid=100,
2023-11-15 18:57:16,"민주당 의원 30명, '위성정당 방지법' 당론 추진 촉구",https://n.news.naver.com/mnews/article/052/0001960526?sid=100,
2023-11-13 00:15:01,[사설]“건방진 놈” vs “정치 후지게”,https://n.news.naver.com/mnews/article/020/0003530663?sid=110,
2023-11-14 15:58:01,"""금수·XX·너""…호칭 실종된 '野 폭언'에 한동훈 반응은?",https://n.news.naver.com/mnews/article/586/0000067679?sid=100,
2023-11-06 03:07:05,또 정치적 칼 쥔 사법부… ‘이재명 위증교사’ 병합 여부 촉각,https://n.news.naver.com/mnews/article/023/0003797442?sid=102,
2023-11-15 06:03:01,"송영길, 한동훈 향해 “이렇게 후지게 하는 법무장관은 처음”…또 다시 직격",https://n.news.naver.com/mnews/article/022/0003875083?sid=100,
2023-11-14 09:54:09,"허은아 ""이준석, 소탐대실하지 않아…정치 인생 걸었다""",https://n.news.naver.com/mnews/article/029/0002836815?sid=100,
2023-11-14 10:22:01,"“이준석, 호감도 높은 비정치인 만남”…총선 인재영입 속도전 [이런정치]",https://n.news.naver.com/mnews/article/016/0002224327?sid=100,
2023-11-06 11:06:01,국힘 소속 인천시장 “김포 서울편입론은 정치쇼…멈춰야”,https://n.news.naver.com/mnews/article/009/0005210189?sid=102,
2023-11-11 07:03:03,"이탄희 “왜 짬뽕 아니면 짜장면인가…양당 카르텔, 증오정치만”",https://n.news.naver.com/mnews/article/028/0002664125?sid=100,
2023-11-14 14:11:01,"이원욱 ""이재명, 대표적 기득권자…고향 안동 출마해야""",https://n.news.naver.com/mnews/article/586/0000067659?sid=100,
2023-11-13 04:24:43,"'정부 셧다운' 닷새 남았는데…美, 예산안 견해차에 우려 커져",https://n.news.naver.com/mnews/article/001/0014325503?sid=104,
2023-11-15 14:31:01,“한동훈 너 구토”라던 유정주 “혐오 어휘 NO 약속해요”,https://n.news.naver.com/mnews/article/020/0003531322?sid=100,
2023-11-10 21:26:28,"'신당' 깃발로 모였나?…""새 정치 세력 나와야""",https://n.news.naver.com/mnews/article/055/0001104939?sid=100,
2023-11-13 06:21:01,[정치프리즘]시시각각 변하는 민심,https://n.news.naver.com/mnews/article/018/0005618388?sid=100,
2023-11-08 18:57:20,"주호영 ""서울 안 간다…대구서 정치 시작했으니 대구서 마쳐야""",https://n.news.naver.com/mnews/article/003/0012197554?sid=100,
2023-11-14 15:00:14,"한동훈 ""1일 1탄핵 민주당, 위헌정당 심판 청구하면 어떡할래?""",https://n.news.naver.com/mnews/article/029/0002836936?sid=102,
2023-11-15 14:32:01,"김웅 ""이준석 신당 안 간다…나는 아직 당에서 안 쫓겨났다""",https://n.news.naver.com/mnews/article/088/0000846105?sid=100,
2023-11-11 13:39:01,"송영길 '건방진놈' 지적에 한동훈 ""운동권했다고 도덕적 군림…정치 후지게해""",https://n.news.naver.com/mnews/article/018/0005617347?sid=100,
2023-11-15 00:17:01,‘막다른 골목’ 내몰린 정명근 화성시장…군 공항 이전 특별법에 흔들 [밀착취재],https://n.news.naver.com/mnews/article/022/0003875026?sid=102,
2023-11-15 10:50:55,"'뉴시티 특위' 만난 오세훈 ""자치권 · 재정 보장한 단계적 서울 편입 필요""",https://n.news.naver.com/mnews/article/055/0001106031?sid=100,
2023-11-14 10:44:01,"이준석 사자탈 쓰고 나와, LG 29년만의 우승 축하",https://n.news.naver.com/mnews/article/053/0000039578?sid=100,
2023-11-08 22:20:59,"이준석 ""영남 정치인 편히 안 둘 것…신당, 정의당도 확장 가능""",https://n.news.naver.com/mnews/article/025/0003320224?sid=100,
2023-11-15 08:48:01,“2주내 국힘 당대표 쫓겨나고 한동훈 체제로”…이준석의 예언 맞을까?,https://n.news.naver.com/mnews/article/009/0005215079?sid=100,
2023-11-09 13:58:26,부울경 메가시티 놓고 부산 정치권 거센 공방,https://n.news.naver.com/mnews/article/001/0014320123?sid=102,
2023-11-12 19:53:01,[정치톡톡] 대표의 험지 출마 / 이준석 만난 '천아용인' / 조국 출마를 보는 시각,https://n.news.naver.com/mnews/article/057/0001780206?sid=100,
2023-11-13 15:02:07,"”황당하고 참담“ 野 이상헌 의원, 공천대가 금품수수 의혹 일축",https://n.news.naver.com/mnews/article/003/0012205959?sid=102,
2023-11-15 20:09:11,"[정면승부] 유승찬 ""인요한, 김한길과 연결되어 있을 것…보이지 않는 팀이 있을 것""",https://n.news.naver.com/mnews/article/052/0001960543?sid=100,
2023-11-14 11:08:04,"송영길 ""조국과 함께 신당 창당? 심각하게 고민 중""",https://n.news.naver.com/mnews/article/014/0005100437?sid=100,
2023-11-12 20:29:01,"[기고] 환경부, ‘일회용품 정치쇼’가 웬 말",https://n.news.naver.com/mnews/article/032/0003260689?sid=110,
2023.11.13. 오전 7:48,"
			'선녀들' 박보검이 연기한 효명세자의 정치, 예술적 감각에 감탄
		",https://n.news.naver.com/mnews/article/408/0000206303?sid=106,
2023-11-15 02:31:01,586운동권 물갈이론으로 이어진 막말논란,https://n.news.naver.com/mnews/article/053/0000039596?sid=100,
2023-11-08 21:08:01,"검찰, 소환 불응한 이화영 구치소서 체포해 조사…정치자금법 위반 혐의",https://n.news.naver.com/mnews/article/366/0000946122?sid=102,
2023-11-14 10:40:01,북한 복권에 관한 오해 (下):김정은의 스포츠 정치와 체육추첨 [최정봉의 대박몽],https://n.news.naver.com/mnews/article/050/0000069520?sid=101,
2023-11-16 05:03:05,민주당 ‘검찰총장 탄핵’ 뒷말 무성한 이유는?,https://n.news.naver.com/mnews/article/028/0002664756?sid=100,
2023-11-15 09:24:35,"채널A 라디오쇼 ‘정치시그널’ 인터뷰 전문…윤희숙 “송영길, 몇 십 년 억대 연봉자가 한동훈 지적? 선동하려면 본인 삶 반듯해야”",https://n.news.naver.com/mnews/article/449/0000261697?sid=004,
2023-11-07 14:17:01,"대구 방문 윤 대통령 ""가짜뉴스 추방운동, 인권과 민주정치 지켜줄 것""",https://n.news.naver.com/mnews/article/047/0002411894?sid=100,
2023-11-13 13:53:03,"洪, 신평 겨냥 ""정치 기본도 모르면서 대통령 멘토 자처 훈수 역겨워""…'조강지처 버리면 필망' 언급은 왜?",https://n.news.naver.com/mnews/article/088/0000845617?sid=100,
2023-11-13 09:15:03,'짜증 유발' 정치인 현수막 규제했더니…'꼼수' 현수기 등장,https://n.news.naver.com/mnews/article/421/0007170688?sid=102,
2023-11-16 00:28:01,[윤성민 칼럼] 횡재세는 4중 과세다,https://n.news.naver.com/mnews/article/015/0004914661?sid=110,
2023-11-12 00:01:02,"이준석 '신당'에 소환된 바른정당...與, '책임 정치 회피' 쓴소리",https://n.news.naver.com/mnews/article/629/0000248585?sid=100,
2023-11-15 19:38:35,"[여랑야랑]이준석 “한동훈 비대위원장” / 송영길, 이름 석 자에",https://n.news.naver.com/mnews/article/449/0000261754?sid=100,
2023-11-15 11:08:01,"이준석의 예언? ""인요한, 한동훈 등판 레드카펫 까는 중…김기현 곧 쫓겨날 것""",https://n.news.naver.com/mnews/article/586/0000067708?sid=100,
2023-11-11 11:31:41,"한동훈 ""송영길, 대한민국 정치 후지게 해…도덕적 순위 맨 뒤쪽""",https://n.news.naver.com/mnews/article/008/0004960415?sid=102,
2023-11-12 16:46:51,"이동관 탄핵 놓고 냉전… 與 ""도 넘은 나쁜 정치"" vs 野 ""30일 재추진""",https://n.news.naver.com/mnews/article/417/0000961569?sid=100,
2023-11-06 20:25:19,"조국 ""비법률적 명예회복 생각"" 출마 시사…정치권 예의주시(종합2보)",https://n.news.naver.com/mnews/article/001/0014312829?sid=100,
2023-11-09 11:13:01,이준석 “영남 정치인들 편하게 놔두지 않겠다…광주도 출마 고려”,https://n.news.naver.com/mnews/article/020/0003530189?sid=100,
2023-11-15 14:52:43,"한동훈에 ""너"" 했던 유정주, 하루만에 ""혐오 어휘로 부르지 말기 약속""",https://n.news.naver.com/mnews/article/421/0007177949?sid=100,
2023-11-15 10:46:14,할아버지 받았던 ‘대영제국 훈장’ 받은 손자 정의선,https://n.news.naver.com/mnews/article/023/0003799259?sid=101,
2023-11-08 22:46:01,"검찰, ‘정치자금법 위반’ 소환 불응에 수감중인 이화영 체포조사",https://n.news.naver.com/mnews/article/081/0003407078?sid=102,
2023-11-14 11:25:01,송영길 “비례정당으로 출마 고심…검찰 독재와 제대로 싸울 정당 필요”,https://n.news.naver.com/mnews/article/021/0002604951?sid=100,
2023-11-13 00:00:01,"민주당, 이동관 탄핵 2라운드 예고…국민의힘 ""도 넘은 나쁜 정치""",https://n.news.naver.com/mnews/article/119/0002768158?sid=100,
2023-11-14 06:07:03,"위기의 英 수낵 정부, 캐머런 전 총리 외무장관 임명 ‘승부수’",https://n.news.naver.com/mnews/article/022/0003874671?sid=104,
2023-11-14 17:34:00,"김제홍 전 영동대 총장, 청주 청원 총선 출마",https://n.news.naver.com/mnews/article/421/0007175844?sid=102,
2023-11-07 10:31:09,"홍익표 ""여당, 편가르기 정치에 중독‥국회에 균형 발전 TF 설치해야""",https://n.news.naver.com/mnews/article/214/0001310215?sid=100,
2023-11-10 03:05:01,[광화문·뷰] 부업 정치로 생계형 정치를 감당하겠나,https://n.news.naver.com/mnews/article/023/0003798318?sid=110,
2023-11-14 18:04:03,이상휘 전 靑 춘추관장 총선 출마 공식선언,https://n.news.naver.com/mnews/article/022/0003874926?sid=102,
2023-11-12 12:00:00,[정치X파일]국회의원 200석은 왜 금기어가 됐을까,https://n.news.naver.com/mnews/article/277/0005339382?sid=100,
2023-11-13 23:08:23,예산소위 첫날…사정기관 특활비·인사정보관리단 예산 공방(종합),https://n.news.naver.com/mnews/article/001/0014328345?sid=100,
2023-11-15 16:41:01,"공개 일정 등장한 한동훈 부인, 장관 배우자들과 봉사활동",https://n.news.naver.com/mnews/article/023/0003799320?sid=102,
2023-11-13 10:33:15,"'고발사주' 손준성 ""선고 목전에 탄핵 추진, 의도가 뭔가""",https://n.news.naver.com/mnews/article/001/0014326039?sid=102,
2023-11-15 05:03:18,왜 이준석은 ‘신당 베이스캠프’ 대구로 선택했나,https://n.news.naver.com/mnews/article/081/0003408659?sid=100,
2023-11-15 11:17:51,"'총선 불출마' 野 강민정 ""젊고 유능한 이들 국회서 일하는 것 필요""",https://n.news.naver.com/mnews/article/008/0004961961?sid=100,
2023-11-09 10:54:04,"이준석 ""영남 정치인들, 편히 정치하게 놔두고 싶지 않다""",https://n.news.naver.com/mnews/article/015/0004912163?sid=100,
2023-11-13 20:50:01,비명계 이상민 “제가 플랫폼 역할해서 새로운 정치세력 모이면 좋겠다”,https://n.news.naver.com/mnews/article/032/0003260954?sid=100,
2023-11-14 10:47:09,"송영길 이어 유정주, 한동훈 향해 막말 퍼레이드…“그닥 어린 넘도 아닌, 구토 난다”",https://n.news.naver.com/mnews/article/009/0005214519?sid=100,
2023-11-13 11:14:07,"‘이재명 대변인 출신’ 민병선, 하남 출마 선언…“민생·실용정치 펼칠 것”",https://n.news.naver.com/mnews/article/016/0002223792?sid=100,
2023-11-14 11:41:01,송영길 민형배 막말과 ‘86정치’ 파탄[포럼],https://n.news.naver.com/mnews/article/021/0002604961?sid=110,
2023-11-14 23:01:00,"김용민 ""한동훈, 금수의 입으로 결국 윤석열 대통령을 물 것""",https://n.news.naver.com/mnews/article/002/0002307900?sid=100,
2023-11-13 05:39:01,"여야 '이동관 탄핵안' 공방…여 ""나쁜 정치"" 야 ""사유 넘쳐""",https://n.news.naver.com/mnews/article/422/0000628970?sid=100,
2023-11-15 15:55:01,“사고나면 대신 빚 갚아줍니다”…KB국민·신한은행에만 있는 이 서비스,https://n.news.naver.com/mnews/article/009/0005215384?sid=101,
2023-11-06 10:48:53,"국힘 소속 유정복 인천시장 ""김포의 서울 편입은 가능성 없는 정치쇼""",https://n.news.naver.com/mnews/article/214/0001309956?sid=102,
2023-11-08 20:38:35,"이준석 ""영남 정치인들 편하게 놔두지 않겠다""…영남기반 신당 추진 시사",https://n.news.naver.com/mnews/article/421/0007163396?sid=100,
2023-11-15 20:07:21,"[정면승부] 최형두 ""이용 의원, 민심을 정확히 읽어""",https://n.news.naver.com/mnews/article/052/0001960542?sid=100,
2023-11-15 05:00:01,"인요한 ""몇천 명을 버스로? 빽도는 없다""…장제원 ""할말은 한다""",https://n.news.naver.com/mnews/article/025/0003321628?sid=100,
2023-11-08 09:51:01,"선관위, 이준석 유튜브 유료화에 “정치자금법 위반” 제동",https://n.news.naver.com/mnews/article/081/0003406843?sid=100,
2023-11-15 09:54:01,"이원욱 “박지원, 개딸 비판 못 해…김대중·노무현 정신과 동떨어져”",https://n.news.naver.com/mnews/article/088/0000846023?sid=100,
2023-11-14 11:07:01,"송영길 ""신당 창당, 조국과 함께 할 수도…모든 가능성 열어놔""",https://n.news.naver.com/mnews/article/088/0000845806?sid=100,
2023-11-14 19:30:04,"韓·美 등 46개국 “AI, 군사적 이용 책임감 있게” [뉴스 투데이]",https://n.news.naver.com/mnews/article/022/0003874965?sid=104,
2023-11-10 10:16:01,與 필리버스터 철회 후폭풍…이동관 탄핵안 향배는[이런정치],https://n.news.naver.com/mnews/article/016/0002222894?sid=100,
2023-11-14 11:22:05,총선 출사표 던진 이상휘 전 청와대 춘추관장,https://n.news.naver.com/mnews/article/421/0007174416?sid=102,
2023-11-13 17:01:05,586세대 이제 60대... 여론조사서 70대와 분리한다,https://n.news.naver.com/mnews/article/469/0000770044?sid=100,
2023-11-15 00:53:23,"""연내 통과"" 한목소리…'1기 신도시법' 급물살",https://n.news.naver.com/mnews/article/055/0001105905?sid=100,
2023-11-14 10:05:10,친윤 핵심 장제원 “서울 가지 않겠다”... 험지 출마 선긋기,https://n.news.naver.com/mnews/article/009/0005214490?sid=100,
2023-11-16 04:05:27,“하마스 해체 외 선택 여지없는 생존 전쟁”,https://n.news.naver.com/mnews/article/005/0001652459?sid=104,
2023-11-08 13:19:01,"""싸가지 없는 정치""…이준석 '식당 고함'에 與野 모두 비판",https://n.news.naver.com/mnews/article/015/0004911685?sid=100,
2023-11-13 18:20:13,"청년정치모임, 병립형 비례대표제 회귀 반대…""과거로의 퇴행""",https://n.news.naver.com/mnews/article/029/0002836743?sid=100,
2023-11-08 14:43:09,인요한 “도와달라”…홍준표 “듣보잡들 때문에 싫다” [이런정치],https://n.news.naver.com/mnews/article/016/0002221871?sid=100,
2023-11-11 13:25:33,"한동훈, 송영길에 반박...""정치 후지게 만들어 와""",https://n.news.naver.com/mnews/article/052/0001958649?sid=102,
2023-11-14 16:42:01,"취임 하루 만 '대국민 사과'한 박민 KBS 사장 ""불공정 편파 보도, 유감""",https://n.news.naver.com/mnews/article/469/0000770235?sid=103,
2023-11-14 13:56:23,"[씨박스] 장제원 ""정치 연명 위해 서울 가지 않을 것",https://n.news.naver.com/mnews/article/448/0000436056?sid=100,
2023-11-08 09:15:04,"""월 990원"" 이준석 유튜브 채널..선관위 ""정치자금법 위반""",https://n.news.naver.com/mnews/article/014/0005097579?sid=100,
2023-11-13 11:29:03,이재명 “국민이 원하는 인재 직접 추천해달라”,https://n.news.naver.com/mnews/article/022/0003874365?sid=100,
2023-11-15 17:33:05,혁신위 결단 압박 최고조…TK 중진 무소속 출마 가능성은?,https://n.news.naver.com/mnews/article/088/0000846218?sid=100,
2023-11-06 11:56:01,"국민의힘 소속 유정복 인천시장, 김포시 서울 편입 반대 “정치 쇼”",https://n.news.naver.com/mnews/article/366/0000945293?sid=102,
2023-11-15 09:17:04,"민주, R&amp;D예산 단독 증액…대전 찾아 명분 쌓는 李",https://n.news.naver.com/mnews/article/016/0002224869?sid=100,
2023-11-14 14:47:01,“조국·이준석에 뺏기면?”...비례대표제 놓고 갈팡질팡하는 민주당,https://n.news.naver.com/mnews/article/009/0005214692?sid=100,
2023-11-03 16:09:03,"김동연 지사 ""김포시 서울 편입? 참 나쁜 정치""",https://n.news.naver.com/mnews/article/003/0012187598?sid=102,
2023-11-07 12:55:34,"尹 ""부정·부패 추방… 가짜뉴스 추방이 민주정치 지켜줄 것""(종합)",https://n.news.naver.com/mnews/article/277/0005337186?sid=100,
2023-11-11 08:05:01,‘협치 대신 꼼수’ 채운 국회법…이번엔 ‘이동관 탄핵안’ 법정다툼으로[이런정치],https://n.news.naver.com/mnews/article/016/0002223234?sid=100,
2023-11-14 09:35:31,"‘어린X도 아닌’ 野 비판에 한동훈 “민주당 막말, 나이 문제 아냐”",https://n.news.naver.com/mnews/article/449/0000261619?sid=100,
2023-11-14 16:17:01,"'신당 가능성 59%' 예측한 이준석에 장예찬 ""전형적 간 보기""",https://n.news.naver.com/mnews/article/053/0000039586?sid=100,
2023-11-15 16:42:03,오늘의 인사 종합,https://n.news.naver.com/mnews/article/018/0005620490?sid=102,
2023-11-06 14:39:52,"'김포 서울 편입 추진'에 유정복 ""정치쇼""…김동연 ""정말 옳은 말씀""(종합)",https://n.news.naver.com/mnews/article/421/0007156870?sid=102,
2023-11-15 11:01:05,이스라엘 고위 소식통 “인질협상 순조롭게 진행 중”,https://n.news.naver.com/mnews/article/366/0000947723?sid=104,
2023-11-06 10:46:01,"국힘 유정복 인천시장 ""김포 서울 편입…무책임한 정치 쇼""(종합)",https://n.news.naver.com/mnews/article/079/0003830422?sid=102,
2023-11-08 09:41:01,"쿠팡 배송 기사 노조, 민노총 탈퇴…""정치적 활동에 반발""",https://n.news.naver.com/mnews/article/031/0000786128?sid=101,
2023-11-11 00:45:14,"트럼프 “사법당국 무기화, 나도 가능”…재선시 정치보복 시사",https://n.news.naver.com/mnews/article/056/0011600282?sid=104,
2023-11-14 16:15:04,"여 인재영입위원회, 17일 첫 회의…다양성·포용성 초점",https://n.news.naver.com/mnews/article/003/0012209064?sid=100,
2023-11-06 10:48:01,"유정복 인천시장 ""김포, 서울 편입 정치 쇼 멈춰야""",https://n.news.naver.com/mnews/article/031/0000785410?sid=102,
2023-11-16 05:01:06,"[사설] 논란 많은 투·개표 과정 개선, 국민과 정치권 의지에 달렸다",https://n.news.naver.com/mnews/article/088/0000846266?sid=110,
2023-11-13 15:01:20,송영길 수사심의위 가나…20일 시민위원들 논의,https://n.news.naver.com/mnews/article/003/0012205957?sid=102,
2023-11-14 12:45:01,"한동훈 “민주당, 탄핵 남발… 기각돼도 남는 장사 계산”",https://n.news.naver.com/mnews/article/005/0001651941?sid=102,
2023-11-07 13:28:26,"윤 대통령 ""가짜뉴스 추방운동이 인권·민주정치 지켜줄 것""",https://n.news.naver.com/mnews/article/417/0000960350?sid=100,
2023-11-11 19:40:01,한동훈 “정치를 후지게 만들어”…송영길 “어린 건방진 놈”,https://n.news.naver.com/mnews/article/016/0002223331?sid=102,
2023-11-16 04:03:17,창당 3개월만에 여론조사 1위 휩쓰는 네덜란드 중도우파 정당,https://n.news.naver.com/mnews/article/023/0003799438?sid=104,
2023-11-10 12:01:07,"혁신 없는 민주당, 진짜 위기는 이제부터[윤다빈의 세계 속 K정치]",https://n.news.naver.com/mnews/article/020/0003530445?sid=100,
2023-11-15 08:07:01,화성시 군공항 화성이전 '시민 자치권과 참여권 침해',https://n.news.naver.com/mnews/article/629/0000249132?sid=102,
2023-11-14 20:35:01,박민이 하지 못한 '상식적인' 대답... 그 모욕적인 결과,https://n.news.naver.com/mnews/article/047/0002412701?sid=102,
2023-11-10 16:23:01,"이준석, 금태섭과 회동 ""정치개혁 대화""…김종인 ""두 사람 함께할 수밖에""",https://n.news.naver.com/mnews/article/088/0000845305?sid=100,
2023-11-14 17:53:05,"성남의료원, 결국 대학병원 위탁…“돈 때문에 공공의료 포기” 반발",https://n.news.naver.com/mnews/article/028/0002664542?sid=102,
2023-11-06 09:41:34,"'국힘' 유정복 인천시장 ""김포, 서울편입은 정치쇼…가능성 없어""",https://n.news.naver.com/mnews/article/421/0007155790?sid=102,
2023-11-14 11:21:40,이상휘 전 청와대 춘추관장 포항남·울릉 출마 선언,https://n.news.naver.com/mnews/article/421/0007174413?sid=102,
2023-11-14 14:58:22,"'죽은 줄 알았는데'…하마스 수장 동생, 알고보니 이스라엘 공격 주도",https://n.news.naver.com/mnews/article/421/0007175214?sid=104,
2023-11-15 09:20:38,[인사] 매일일보,https://n.news.naver.com/mnews/article/001/0014331200?sid=102,
2023-11-14 10:00:45,"홍익표 ""박민 KBS 점령작전, 쿠데타 방불…사장자리 그만두라""",https://n.news.naver.com/mnews/article/001/0014328813?sid=100,
2023-11-09 10:58:07,"인요한, '3차 혁신안' 발표 앞두고 ""청년 정치 참여·일자리 논의""",https://n.news.naver.com/mnews/article/003/0012198724?sid=100,
2023-11-15 17:57:01,"[논설위원의 시선] ‘K포퓰리즘’이라는 막장 드라마, 알고 봐야 안 당한다",https://n.news.naver.com/mnews/article/082/0001241922?sid=110,
2023-11-12 12:00:01,한국서 세계 최고 쇠고기를 못먹는 이유...‘정치인’ 잘 뽑아야 [김기정의 와인클럽],https://n.news.naver.com/mnews/article/009/0005213462?sid=103,
2023-11-12 17:18:01,"김명진 전 청와대 선임행정관, '진심정치' 출판기념회 성료",https://n.news.naver.com/mnews/article/002/0002307526?sid=102,
2023-11-14 19:58:31,AI 가짜 동영상 몸살…숨진 아베도 당했다,https://n.news.naver.com/mnews/article/449/0000261687?sid=104,
2023-11-13 17:04:01,"민형배, 한동훈-송영길 설전에 가세…“한동훈 같은 ××”",https://n.news.naver.com/mnews/article/081/0003408199?sid=100,
2023-11-14 18:20:59,"민주당 강민정 의원, 내년 총선 불출마‥당내 4번째",https://n.news.naver.com/mnews/article/214/0001311841?sid=100,
2023-11-14 23:22:10,[사설] ‘한동훈에 막말’ 공세 民主 의원들 ‘후진 정치’ 행태 멈추라,https://n.news.naver.com/mnews/article/022/0003875019?sid=110,
2023-11-15 12:03:01,"성일종 ""김명수, 잠수함 타느라 자녀 학폭 몰랐을 것""",https://n.news.naver.com/mnews/article/656/0000069439?sid=100,
2023-11-13 12:49:01,"""한동훈 같은 XX들…어이가 없어"" 송영길 거든 민형배",https://n.news.naver.com/mnews/article/015/0004913361?sid=100,
2023-11-14 05:03:56,檢 ‘분리 기소’ 승부수 통했다… 재판 진행 빨라져 단기간 결론 날 듯,https://n.news.naver.com/mnews/article/081/0003408309?sid=102,
2023-11-05 20:05:47,정치권이 만든 '공매도 금지'‥묘수인가 악수 인가?,https://n.news.naver.com/mnews/article/214/0001309841?sid=101,
2023-11-10 17:00:40,"인요한 만난 강기정 ""중진 험지 출마? 정치 안 바뀌어…큰 제도 바꿔야""",https://n.news.naver.com/mnews/article/421/0007168040?sid=100,
2023-11-08 17:50:01,산업용 전기료만 10.6원 올린다… “정치적 고려 안했다”,https://n.news.naver.com/mnews/article/081/0003407033?sid=101,
2023-11-15 06:33:21,계속되는 ‘험지 출마’ 힘겨루기,https://n.news.naver.com/mnews/article/056/0011602405?sid=100,
2023-11-09 18:43:04,"김동연 경기지사 ""정치적 이유로 주민투표 부정한다면 지탄 면치못할 것"" 경고",https://n.news.naver.com/mnews/article/003/0012200600?sid=102,
2023-11-14 00:35:01,"[다산칼럼] 정치혁신, 미래 위한 큰 그림 그려라",https://n.news.naver.com/mnews/article/015/0004913703?sid=110,
2023-11-13 17:08:01,"與, ‘이동관 탄핵안’ 권한쟁의 신청…野 “재발의 문제 없다”",https://n.news.naver.com/mnews/article/020/0003530860?sid=100,
2023-11-14 07:41:01,"박민 KBS 사장 취임 첫날 하차 통보 주진우 ""폭력적이고 함부로 와""",https://n.news.naver.com/mnews/article/469/0000770133?sid=100,
2023-11-09 08:14:01,"“민노총, 정치활동 참여요구 너무 잦아”…결국 탈퇴한 쿠팡 노조",https://n.news.naver.com/mnews/article/009/0005212018?sid=102,
2023-11-15 10:08:26,이스라엘 고위 소식통 “인질 협상 진전…48∼72시간 내 돌파구”,https://n.news.naver.com/mnews/article/056/0011602608?sid=104,
2023-11-12 16:57:34,"외국인, 韓증시 '엑시트' 조짐에도…정치권선 공매도 더 조인다",https://n.news.naver.com/mnews/article/025/0003320902?sid=101,
2023-11-13 10:14:32,"[정치쇼] 이준석 ""친윤 용퇴? 인요한 '붕짜자붕짜' 안내방송만""",https://n.news.naver.com/mnews/article/055/0001105332?sid=100,
2023-11-06 10:39:05,국힘 유정복 인천시장 ‘김포 서울 편입’ 반대…“정치쇼”,https://n.news.naver.com/mnews/article/028/0002663275?sid=102,
2023-11-13 17:21:03,"한동훈 겨냥해 ""어이없는 XX네""…이번엔 민형배 의원 폭언 논란",https://n.news.naver.com/mnews/article/448/0000435932?sid=100,
2023-11-09 11:22:01,"일본 정치인, 입국심사하다 쓰러져…인천공항 직원이 살렸다",https://n.news.naver.com/mnews/article/081/0003407237?sid=104,
2023-11-06 15:16:01,유정복 이어 김동연도 “김포 서울 편입은 ‘정치쇼’”,https://n.news.naver.com/mnews/article/081/0003406229?sid=100,
2023-11-09 16:18:01,"공영방송 정치적 독립 위한 방송3법, 국회 본회의 통과",https://n.news.naver.com/mnews/article/127/0000034828?sid=102,
2023-11-15 11:22:03,김준우 정의 비대위원장 “선거 연합 정당 추진…비례 1·2번 양보”,https://n.news.naver.com/mnews/article/014/0005101119?sid=100,
2023-11-14 14:25:03,"송영길 ""난 전세 사는데 10살 어린 한동훈은 타워팰리스""",https://n.news.naver.com/mnews/article/015/0004913877?sid=100,
2023-11-14 08:05:46,"""어이없는 XX네""…송영길 이어 민형배도 한동훈에 '막말'",https://n.news.naver.com/mnews/article/448/0000435997?sid=100,
2023-11-07 08:10:01,"법정 선 트럼프, “재판은 선거개입” 주장…판사 “정치집회 아냐” 제동",https://n.news.naver.com/mnews/article/032/0003259620?sid=104,
2023-11-13 01:15:18,오늘 '위증교사 재판' 병합 심리...총선 전 이재명 운명 가르나,https://n.news.naver.com/mnews/article/052/0001959060?sid=102,
2023-11-13 18:29:01,오세훈 만난 구리시장 “특별자치시로 편입 건의”,https://n.news.naver.com/mnews/article/081/0003408243?sid=102,
2023-11-11 05:48:17,"트럼프, 재선시 정치보복 시사…""반대 방향으로도 일어날 수 있다""",https://n.news.naver.com/mnews/article/055/0001104962?sid=104,
2023-11-14 15:09:01,"與 ""한동훈 겨냥한 민주당 자극적 막말, 정치퇴보 원인""",https://n.news.naver.com/mnews/article/660/0000049242?sid=100,
2023-11-13 23:51:02,"'서울 편입' 속도내는 오세훈, 김포 이어 구리시장 면담",https://n.news.naver.com/mnews/article/053/0000039568?sid=100,
2023-11-14 03:01:30,"與, ‘이동관 탄핵안’ 권한쟁의 신청… 野 “재발의 문제 없어”",https://n.news.naver.com/mnews/article/020/0003530920?sid=100,
2023-11-09 03:11:01,[양상훈 칼럼] 실패가 예정된 존경스러운 정치인,https://n.news.naver.com/mnews/article/023/0003798099?sid=110,
2023-11-15 11:11:06,"""하마스 억류 인질 협상 진전…48~72시간 돌파구 마련""",https://n.news.naver.com/mnews/article/079/0003833849?sid=104,
2023-11-13 09:33:04,“험지서 살아온 인물은 정세균 하나뿐”…여야 모두 ‘험지는 사지’였다 [이런정치],https://n.news.naver.com/mnews/article/016/0002223638?sid=100,
2023-11-15 21:54:29,허성무 전 창원시장 ‘사화·대상공원 감사’ 반박,https://n.news.naver.com/mnews/article/056/0011603150?sid=100,
2023-11-06 10:31:09,"조국, 총선출마 시사 “재판결과 따라 정치적 명예회복 나설 것”",https://n.news.naver.com/mnews/article/021/0002603340?sid=100,
2023-11-12 13:24:01,"민주 ""'땡윤 뉴스' 막는다"" vs 국힘 ""민주당식 나쁜정치 꼼수""",https://n.news.naver.com/mnews/article/031/0000787302?sid=100,
2023-11-11 01:04:01,트럼프 “사법당국 무기화 나도 가능”… 재선시 정치보복 예고,https://n.news.naver.com/mnews/article/366/0000946767?sid=104,
2023-11-14 04:54:27,"韓美 등 46개국 ""AI, 군사적으로 책임감 있게 이용할 것""",https://n.news.naver.com/mnews/article/001/0014328426?sid=102,
2023-11-10 15:22:01,"이준석, 금태섭 만난 후 ""정치개혁 관심 있는 다양한 분과 대화 나눌 것""",https://n.news.naver.com/mnews/article/586/0000067488?sid=100,
2023-11-13 18:29:03,메가시티 서울의 정치경제학,https://n.news.naver.com/mnews/article/015/0004913603?sid=101,
2023-11-15 23:07:00,"조정훈 ""이준석, 김종인 시키는 것 반대로 하면 성공…이제 청년도 아니잖나""",https://n.news.naver.com/mnews/article/002/0002308072?sid=100,
